{
    "DOI": "10.1002/adma.201405378",
    "sensor_type": "liquid",
    "detect_target": [
        {
            "substance_name": "melamine",
            "substance_type": "small molecule",
            "substance_descriptors": {
                "CID": 7955,
                "MolecularFormula": "C3H6N6",
                "MolecularWeight": "126.12",
                "CanonicalSMILES": "C1(=NC(=NC(=N1)N)N)N",
                "IsomericSMILES": "C1(=NC(=NC(=N1)N)N)N",
                "InChI": "InChI=1S/C3H6N6/c4-1-7-2(5)9-3(6)8-1/h(H6,4,5,6,7,8,9)",
                "InChIKey": "JDSHMPZPIAZGSV-UHFFFAOYSA-N",
                "IUPACName": "1,3,5-triazine-2,4,6-triamine",
                "XLogP": -1.4,
                "ExactMass": "126.06539422",
                "MonoisotopicMass": "126.06539422",
                "TPSA": 117,
                "Complexity": 63,
                "Charge": 0,
                "HBondDonorCount": 3,
                "HBondAcceptorCount": 6,
                "RotatableBondCount": 0,
                "HeavyAtomCount": 9,
                "IsotopeAtomCount": 0,
                "AtomStereoCount": 0,
                "DefinedAtomStereoCount": 0,
                "UndefinedAtomStereoCount": 0,
                "BondStereoCount": 0,
                "DefinedBondStereoCount": 0,
                "UndefinedBondStereoCount": 0,
                "CovalentUnitCount": 1,
                "Volume3D": 78.4,
                "XStericQuadrupole3D": 2.28,
                "YStericQuadrupole3D": 2.28,
                "ZStericQuadrupole3D": 0.55,
                "FeatureAcceptorCount3D": 0,
                "FeatureDonorCount3D": 3,
                "FeatureAnionCount3D": 0,
                "FeatureCationCount3D": 3,
                "FeatureRingCount3D": 1,
                "FeatureHydrophobeCount3D": 0,
                "ConformerModelRMSD3D": 0.4,
                "EffectiveRotorCount3D": 0,
                "ConformerCount3D": 1,
                "Morgan_128": [
                    0,
                    0,
                    0,
                    0,
                    0,
                    0,
                    0,
                    0,
                    0,
                    0,
                    0,
                    0,
                    0,
                    0,
                    0,
                    0,
                    0,
                    0,
                    0,
                    1,
                    0,
                    0,
                    0,
                    0,
                    0,
                    1,
                    0,
                    0,
                    0,
                    0,
                    0,
                    0,
                    0,
                    0,
                    0,
                    0,
                    0,
                    0,
                    0,
                    0,
                    0,
                    0,
                    0,
                    0,
                    0,
                    0,
                    0,
                    0,
                    0,
                    1,
                    0,
                    0,
                    0,
                    0,
                    0,
                    0,
                    1,
                    0,
                    0,
                    0,
                    0,
                    0,
                    0,
                    1,
                    0,
                    0,
                    0,
                    0,
                    0,
                    0,
                    0,
                    0,
                    0,
                    0,
                    0,
                    0,
                    0,
                    0,
                    0,
                    0,
                    0,
                    0,
                    0,
                    0,
                    0,
                    0,
                    0,
                    0,
                    1,
                    0,
                    0,
                    0,
                    0,
                    0,
                    0,
                    0,
                    0,
                    0,
                    0,
                    0,
                    1,
                    0,
                    0,
                    0,
                    0,
                    0,
                    0,
                    0,
                    0,
                    0,
                    0,
                    0,
                    0,
                    0,
                    0,
                    0,
                    0,
                    0,
                    0,
                    0,
                    0,
                    0,
                    1,
                    0,
                    0,
                    0,
                    0,
                    0
                ]
            }
        }
    ],
    "lower_detection_limit_log_ppm": -2.0,
    "upper_detection_limit_log_ppm": 3.0,
    "probe_material": [
        {
            "substance_name": "quinquethiophene",
            "substance_type": "small molecule",
            "substance_descriptors": {
                "CID": 69104527,
                "MolecularFormula": "C20H12S5",
                "MolecularWeight": "412.6",
                "CanonicalSMILES": "C1=CSC(=C1)C2=C(SC=C2)C3=C(SC=C3)C4=C(SC=C4)C5=CC=CS5",
                "IsomericSMILES": "C1=CSC(=C1)C2=C(SC=C2)C3=C(SC=C3)C4=C(SC=C4)C5=CC=CS5",
                "InChI": "InChI=1S/C20H12S5/c1-3-16(21-8-1)13-5-10-23-18(13)14-6-11-24-19(14)15-7-12-25-20(15)17-4-2-9-22-17/h1-12H",
                "InChIKey": "DLPJBXWULLQWNZ-UHFFFAOYSA-N",
                "IUPACName": "2-thiophen-2-yl-3-[3-(3-thiophen-2-ylthiophen-2-yl)thiophen-2-yl]thiophene",
                "XLogP": 7,
                "ExactMass": "411.95425625",
                "MonoisotopicMass": "411.95425625",
                "TPSA": 141,
                "Complexity": 457,
                "Charge": 0,
                "HBondDonorCount": 0,
                "HBondAcceptorCount": 5,
                "RotatableBondCount": 4,
                "HeavyAtomCount": 25,
                "IsotopeAtomCount": 0,
                "AtomStereoCount": 0,
                "DefinedAtomStereoCount": 0,
                "UndefinedAtomStereoCount": 0,
                "BondStereoCount": 0,
                "DefinedBondStereoCount": 0,
                "UndefinedBondStereoCount": 0,
                "CovalentUnitCount": 1,
                "Volume3D": 299.4,
                "XStericQuadrupole3D": 9.92,
                "YStericQuadrupole3D": 2.87,
                "ZStericQuadrupole3D": 2.1,
                "FeatureAcceptorCount3D": 0,
                "FeatureDonorCount3D": 0,
                "FeatureAnionCount3D": 0,
                "FeatureCationCount3D": 0,
                "FeatureRingCount3D": 5,
                "FeatureHydrophobeCount3D": 0,
                "ConformerModelRMSD3D": 0.8,
                "EffectiveRotorCount3D": 4,
                "ConformerCount3D": 10,
                "Morgan_128": [
                    0,
                    0,
                    1,
                    0,
                    0,
                    0,
                    0,
                    0,
                    0,
                    0,
                    0,
                    0,
                    0,
                    0,
                    1,
                    0,
                    0,
                    0,
                    0,
                    0,
                    0,
                    0,
                    0,
                    0,
                    0,
                    0,
                    0,
                    0,
                    0,
                    0,
                    0,
                    1,
                    0,
                    0,
                    0,
                    1,
                    0,
                    0,
                    1,
                    0,
                    0,
                    0,
                    1,
                    0,
                    0,
                    0,
                    1,
                    0,
                    0,
                    0,
                    0,
                    0,
                    0,
                    0,
                    0,
                    0,
                    0,
                    0,
                    0,
                    0,
                    0,
                    0,
                    1,
                    0,
                    1,
                    0,
                    0,
                    0,
                    0,
                    0,
                    1,
                    0,
                    0,
                    0,
                    0,
                    0,
                    0,
                    1,
                    0,
                    0,
                    0,
                    1,
                    0,
                    0,
                    0,
                    0,
                    1,
                    0,
                    0,
                    1,
                    1,
                    0,
                    0,
                    0,
                    0,
                    0,
                    1,
                    0,
                    0,
                    0,
                    1,
                    0,
                    0,
                    0,
                    0,
                    0,
                    0,
                    0,
                    0,
                    0,
                    0,
                    0,
                    1,
                    1,
                    0,
                    0,
                    0,
                    0,
                    0,
                    1,
                    0,
                    0,
                    0,
                    0,
                    0,
                    0,
                    0,
                    1
                ]
            }
        }
    ],
    "test_operating_temperature_celsius": 25.0,
    "min_pH_when_testing": 7.0,
    "max_pH_when_testing": 7.0,
    "test_medium_electrolyte": [
        {
            "substance_name": "water",
            "substance_type": "small molecule",
            "substance_descriptors": {
                "CID": 962,
                "MolecularFormula": "H2O",
                "MolecularWeight": "18.015",
                "CanonicalSMILES": "O",
                "IsomericSMILES": "O",
                "InChI": "InChI=1S/H2O/h1H2",
                "InChIKey": "XLYOFNOQVPJJNP-UHFFFAOYSA-N",
                "IUPACName": "oxidane",
                "XLogP": -0.5,
                "ExactMass": "18.010564683",
                "MonoisotopicMass": "18.010564683",
                "TPSA": 1,
                "Complexity": 0,
                "Charge": 0,
                "HBondDonorCount": 1,
                "HBondAcceptorCount": 1,
                "RotatableBondCount": 0,
                "HeavyAtomCount": 1,
                "IsotopeAtomCount": 0,
                "AtomStereoCount": 0,
                "DefinedAtomStereoCount": 0,
                "UndefinedAtomStereoCount": 0,
                "BondStereoCount": 0,
                "DefinedBondStereoCount": 0,
                "UndefinedBondStereoCount": 0,
                "CovalentUnitCount": 1,
                "Volume3D": 14.7,
                "XStericQuadrupole3D": 0.49,
                "YStericQuadrupole3D": 0.49,
                "ZStericQuadrupole3D": 0.49,
                "FeatureAcceptorCount3D": 1,
                "FeatureDonorCount3D": 1,
                "FeatureAnionCount3D": 0,
                "FeatureCationCount3D": 0,
                "FeatureRingCount3D": 0,
                "FeatureHydrophobeCount3D": 0,
                "ConformerModelRMSD3D": 0.4,
                "EffectiveRotorCount3D": 0,
                "ConformerCount3D": 1,
                "Morgan_128": [
                    0,
                    0,
                    0,
                    0,
                    0,
                    0,
                    0,
                    0,
                    0,
                    0,
                    0,
                    0,
                    0,
                    0,
                    0,
                    0,
                    0,
                    0,
                    0,
                    0,
                    0,
                    0,
                    1,
                    0,
                    0,
                    0,
                    0,
                    0,
                    0,
                    0,
                    0,
                    0,
                    0,
                    0,
                    0,
                    0,
                    0,
                    0,
                    0,
                    0,
                    0,
                    0,
                    0,
                    0,
                    0,
                    0,
                    0,
                    0,
                    0,
                    0,
                    0,
                    0,
                    0,
                    0,
                    0,
                    0,
                    0,
                    0,
                    0,
                    0,
                    0,
                    0,
                    0,
                    0,
                    0,
                    0,
                    0,
                    0,
                    0,
                    0,
                    0,
                    0,
                    0,
                    0,
                    0,
                    0,
                    0,
                    0,
                    0,
                    0,
                    0,
                    0,
                    0,
                    0,
                    0,
                    0,
                    0,
                    0,
                    0,
                    0,
                    0,
                    0,
                    0,
                    0,
                    0,
                    0,
                    0,
                    0,
                    0,
                    0,
                    0,
                    0,
                    0,
                    0,
                    0,
                    0,
                    0,
                    0,
                    0,
                    0,
                    0,
                    0,
                    0,
                    0,
                    0,
                    0,
                    0,
                    0,
                    0,
                    0,
                    0,
                    0,
                    0,
                    0,
                    0,
                    0,
                    0,
                    0
                ]
            }
        }
    ],
    "LDL_ranking": 1.0,
    "UDL_ranking": 1.0,
    "LDL_category": "Moderate Detection",
    "UDL_category": "High UDL Range"
}