{
    "DOI": "10.1002/adma.201204509",
    "sensor_type": "gas",
    "detect_target": [
        {
            "substance_name": "sulfur dioxide",
            "substance_type": "small molecule",
            "substance_descriptors": {
                "CID": 1119,
                "MolecularFormula": "O2S",
                "MolecularWeight": "64.07",
                "CanonicalSMILES": "O=S=O",
                "IsomericSMILES": "O=S=O",
                "InChI": "InChI=1S/O2S/c1-3-2",
                "InChIKey": "RAHZWNYVWXNFOC-UHFFFAOYSA-N",
                "IUPACName": "sulfur dioxide",
                "XLogP": 0.1,
                "ExactMass": "63.96190041",
                "MonoisotopicMass": "63.96190041",
                "TPSA": 35.1,
                "Complexity": 18,
                "Charge": 0,
                "HBondDonorCount": 0,
                "HBondAcceptorCount": 3,
                "RotatableBondCount": 0,
                "HeavyAtomCount": 3,
                "IsotopeAtomCount": 0,
                "AtomStereoCount": 0,
                "DefinedAtomStereoCount": 0,
                "UndefinedAtomStereoCount": 0,
                "BondStereoCount": 0,
                "DefinedBondStereoCount": 0,
                "UndefinedBondStereoCount": 0,
                "CovalentUnitCount": 1,
                "Volume3D": 41.3,
                "XStericQuadrupole3D": 1.52,
                "YStericQuadrupole3D": 0.77,
                "ZStericQuadrupole3D": 0.58,
                "FeatureAcceptorCount3D": 0,
                "FeatureDonorCount3D": 0,
                "FeatureAnionCount3D": 0,
                "FeatureCationCount3D": 0,
                "FeatureRingCount3D": 0,
                "FeatureHydrophobeCount3D": 0,
                "ConformerModelRMSD3D": 0.4,
                "EffectiveRotorCount3D": 0,
                "ConformerCount3D": 1,
                "Morgan_128": [
                    0,
                    0,
                    0,
                    0,
                    0,
                    0,
                    0,
                    0,
                    0,
                    0,
                    1,
                    0,
                    0,
                    0,
                    0,
                    0,
                    0,
                    0,
                    0,
                    0,
                    0,
                    0,
                    0,
                    0,
                    0,
                    0,
                    0,
                    0,
                    0,
                    0,
                    0,
                    0,
                    0,
                    0,
                    0,
                    0,
                    0,
                    0,
                    0,
                    0,
                    0,
                    0,
                    1,
                    0,
                    0,
                    0,
                    0,
                    0,
                    0,
                    0,
                    0,
                    0,
                    0,
                    0,
                    0,
                    0,
                    1,
                    0,
                    0,
                    0,
                    0,
                    0,
                    0,
                    0,
                    0,
                    0,
                    0,
                    0,
                    0,
                    0,
                    0,
                    0,
                    0,
                    0,
                    0,
                    0,
                    0,
                    0,
                    0,
                    0,
                    0,
                    0,
                    0,
                    0,
                    0,
                    0,
                    0,
                    0,
                    0,
                    0,
                    0,
                    0,
                    0,
                    0,
                    0,
                    0,
                    0,
                    0,
                    0,
                    0,
                    0,
                    0,
                    0,
                    0,
                    0,
                    0,
                    0,
                    0,
                    0,
                    0,
                    0,
                    0,
                    0,
                    0,
                    0,
                    0,
                    1,
                    0,
                    0,
                    0,
                    0,
                    0,
                    0,
                    0,
                    0,
                    0,
                    0,
                    0
                ]
            }
        }
    ],
    "lower_detection_limit_log_ppm": -0.301029996,
    "upper_detection_limit_log_ppm": 1.301029996,
    "probe_material": [
        {
            "substance_name": "copper(ii) phthalocyanine",
            "substance_type": "small molecule",
            "substance_descriptors": {
                "CID": 8978,
                "MolecularFormula": "C32H16CuN8",
                "MolecularWeight": "576.1",
                "CanonicalSMILES": "C1=CC=C2C(=C1)C3=NC4=NC(=NC5=NC(=NC6=NC(=NC2=N3)C7=CC=CC=C76)C8=CC=CC=C85)C9=CC=CC=C94.[Cu]",
                "IsomericSMILES": "C1=CC=C2C(=C1)C3=NC4=NC(=NC5=NC(=NC6=NC(=NC2=N3)C7=CC=CC=C76)C8=CC=CC=C85)C9=CC=CC=C94.[Cu]",
                "InChI": "InChI=1S/C32H16N8.Cu/c1-2-10-18-17(9-1)25-33-26(18)38-28-21-13-5-6-14-22(21)30(35-28)40-32-24-16-8-7-15-23(24)31(36-32)39-29-20-12-4-3-11-19(20)27(34-29)37-25;/h1-16H;",
                "InChIKey": "VVOLVFOSOPJKED-UHFFFAOYSA-N",
                "IUPACName": "copper;2,11,20,29,37,38,39,40-octazanonacyclo[28.6.1.13,10.112,19.121,28.04,9.013,18.022,27.031,36]tetraconta-1(37),2,4,6,8,10(40),11,13,15,17,19(39),20,22,24,26,28(38),29,31,33,35-icosaene",
                "ExactMass": "575.079390",
                "MonoisotopicMass": "575.079390",
                "TPSA": 98.9,
                "Complexity": 1180,
                "Charge": 0,
                "HBondDonorCount": 0,
                "HBondAcceptorCount": 0,
                "RotatableBondCount": 0,
                "HeavyAtomCount": 41,
                "IsotopeAtomCount": 0,
                "AtomStereoCount": 0,
                "DefinedAtomStereoCount": 0,
                "UndefinedAtomStereoCount": 0,
                "BondStereoCount": 0,
                "DefinedBondStereoCount": 0,
                "UndefinedBondStereoCount": 0,
                "CovalentUnitCount": 2,
                "ConformerCount3D": 0,
                "Morgan_128": [
                    0,
                    0,
                    0,
                    0,
                    0,
                    0,
                    0,
                    0,
                    0,
                    0,
                    0,
                    0,
                    0,
                    0,
                    0,
                    1,
                    0,
                    0,
                    0,
                    0,
                    0,
                    0,
                    0,
                    0,
                    0,
                    0,
                    0,
                    0,
                    0,
                    0,
                    0,
                    1,
                    0,
                    0,
                    0,
                    0,
                    0,
                    0,
                    0,
                    0,
                    0,
                    0,
                    0,
                    0,
                    0,
                    0,
                    0,
                    1,
                    1,
                    0,
                    0,
                    0,
                    0,
                    0,
                    0,
                    0,
                    0,
                    0,
                    0,
                    0,
                    0,
                    0,
                    0,
                    0,
                    1,
                    0,
                    0,
                    0,
                    0,
                    0,
                    0,
                    0,
                    0,
                    0,
                    0,
                    0,
                    0,
                    0,
                    0,
                    0,
                    0,
                    1,
                    0,
                    0,
                    0,
                    0,
                    1,
                    0,
                    1,
                    0,
                    0,
                    0,
                    0,
                    0,
                    0,
                    0,
                    1,
                    0,
                    0,
                    0,
                    1,
                    0,
                    0,
                    0,
                    0,
                    0,
                    0,
                    0,
                    0,
                    0,
                    1,
                    0,
                    1,
                    0,
                    0,
                    0,
                    0,
                    0,
                    0,
                    0,
                    0,
                    0,
                    1,
                    1,
                    0,
                    0,
                    0,
                    0
                ]
            }
        }
    ],
    "test_operating_temperature_celsius": 26.25,
    "min_pH_when_testing": -1.0,
    "max_pH_when_testing": -1.0,
    "test_medium_electrolyte": [
        {
            "substance_name": "argon",
            "substance_type": "small molecule",
            "substance_descriptors": {
                "CID": 23968,
                "MolecularFormula": "Ar",
                "MolecularWeight": "39.9",
                "CanonicalSMILES": "[Ar]",
                "IsomericSMILES": "[Ar]",
                "InChI": "InChI=1S/Ar",
                "InChIKey": "XKRFYHLGVUSROY-UHFFFAOYSA-N",
                "IUPACName": "argon",
                "ExactMass": "39.96238312",
                "MonoisotopicMass": "39.96238312",
                "TPSA": 0,
                "Complexity": 0,
                "Charge": 0,
                "HBondDonorCount": 0,
                "HBondAcceptorCount": 0,
                "RotatableBondCount": 0,
                "HeavyAtomCount": 1,
                "IsotopeAtomCount": 0,
                "AtomStereoCount": 0,
                "DefinedAtomStereoCount": 0,
                "UndefinedAtomStereoCount": 0,
                "BondStereoCount": 0,
                "DefinedBondStereoCount": 0,
                "UndefinedBondStereoCount": 0,
                "CovalentUnitCount": 1,
                "ConformerCount3D": 0,
                "Morgan_128": [
                    0,
                    0,
                    0,
                    0,
                    0,
                    0,
                    0,
                    0,
                    0,
                    0,
                    0,
                    0,
                    0,
                    0,
                    0,
                    0,
                    0,
                    0,
                    0,
                    0,
                    0,
                    0,
                    0,
                    0,
                    0,
                    0,
                    0,
                    0,
                    0,
                    0,
                    0,
                    0,
                    0,
                    0,
                    0,
                    0,
                    0,
                    0,
                    0,
                    0,
                    0,
                    1,
                    0,
                    0,
                    0,
                    0,
                    0,
                    0,
                    0,
                    0,
                    0,
                    0,
                    0,
                    0,
                    0,
                    0,
                    0,
                    0,
                    0,
                    0,
                    0,
                    0,
                    0,
                    0,
                    0,
                    0,
                    0,
                    0,
                    0,
                    0,
                    0,
                    0,
                    0,
                    0,
                    0,
                    0,
                    0,
                    0,
                    0,
                    0,
                    0,
                    0,
                    0,
                    0,
                    0,
                    0,
                    0,
                    0,
                    0,
                    0,
                    0,
                    0,
                    0,
                    0,
                    0,
                    0,
                    0,
                    0,
                    0,
                    0,
                    0,
                    0,
                    0,
                    0,
                    0,
                    0,
                    0,
                    0,
                    0,
                    0,
                    0,
                    0,
                    0,
                    0,
                    0,
                    0,
                    0,
                    0,
                    0,
                    0,
                    0,
                    0,
                    0,
                    0,
                    0,
                    0,
                    0,
                    0
                ]
            }
        }
    ],
    "LDL_ranking": 1.0,
    "UDL_ranking": 1.0,
    "LDL_category": "High Detection (Lower Sensitivity)",
    "UDL_category": "Moderate UDL Range"
}