{
    "DOI": "10.1002/adma.201701706",
    "sensor_type": "gas",
    "detect_target": [
        {
            "substance_name": "nitrogen dioxide",
            "substance_type": "small molecule",
            "substance_descriptors": {
                "CID": 3032552,
                "MolecularFormula": "NO2",
                "MolecularWeight": "46.006",
                "CanonicalSMILES": "N(=O)[O]",
                "IsomericSMILES": "N(=O)[O]",
                "InChI": "InChI=1S/NO2/c2-1-3",
                "InChIKey": "JCXJVPUVTGWSNB-UHFFFAOYSA-N",
                "XLogP": -0.3,
                "ExactMass": "45.992903243",
                "MonoisotopicMass": "45.992903243",
                "TPSA": 30.4,
                "Complexity": 7,
                "Charge": 0,
                "HBondDonorCount": 0,
                "HBondAcceptorCount": 2,
                "RotatableBondCount": 0,
                "HeavyAtomCount": 3,
                "IsotopeAtomCount": 0,
                "AtomStereoCount": 0,
                "DefinedAtomStereoCount": 0,
                "UndefinedAtomStereoCount": 0,
                "BondStereoCount": 0,
                "DefinedBondStereoCount": 0,
                "UndefinedBondStereoCount": 0,
                "CovalentUnitCount": 1,
                "ConformerCount3D": 0,
                "Morgan_128": [
                    0,
                    0,
                    0,
                    0,
                    0,
                    0,
                    0,
                    0,
                    0,
                    0,
                    1,
                    0,
                    1,
                    0,
                    0,
                    0,
                    0,
                    0,
                    0,
                    0,
                    0,
                    0,
                    0,
                    0,
                    0,
                    0,
                    0,
                    0,
                    0,
                    0,
                    0,
                    0,
                    0,
                    0,
                    0,
                    0,
                    0,
                    0,
                    0,
                    0,
                    0,
                    0,
                    0,
                    0,
                    0,
                    0,
                    0,
                    0,
                    0,
                    0,
                    0,
                    0,
                    1,
                    0,
                    0,
                    0,
                    0,
                    0,
                    0,
                    0,
                    0,
                    0,
                    0,
                    0,
                    0,
                    0,
                    0,
                    0,
                    0,
                    0,
                    0,
                    0,
                    0,
                    0,
                    0,
                    0,
                    0,
                    0,
                    0,
                    0,
                    0,
                    0,
                    0,
                    1,
                    0,
                    1,
                    0,
                    0,
                    0,
                    0,
                    0,
                    0,
                    0,
                    0,
                    0,
                    0,
                    0,
                    0,
                    0,
                    0,
                    0,
                    0,
                    0,
                    0,
                    0,
                    0,
                    0,
                    0,
                    0,
                    0,
                    0,
                    0,
                    0,
                    0,
                    0,
                    0,
                    0,
                    0,
                    0,
                    0,
                    0,
                    0,
                    0,
                    0,
                    0,
                    0,
                    0,
                    0
                ]
            }
        }
    ],
    "lower_detection_limit_log_ppm": -0.381951903,
    "upper_detection_limit_log_ppm": 1.477121255,
    "probe_material": [
        {
            "substance_name": "copper phthalocyanine",
            "substance_type": "small molecule",
            "substance_descriptors": {
                "CID": 8978,
                "MolecularFormula": "C32H16CuN8",
                "MolecularWeight": "576.1",
                "CanonicalSMILES": "C1=CC=C2C(=C1)C3=NC4=NC(=NC5=NC(=NC6=NC(=NC2=N3)C7=CC=CC=C76)C8=CC=CC=C85)C9=CC=CC=C94.[Cu]",
                "IsomericSMILES": "C1=CC=C2C(=C1)C3=NC4=NC(=NC5=NC(=NC6=NC(=NC2=N3)C7=CC=CC=C76)C8=CC=CC=C85)C9=CC=CC=C94.[Cu]",
                "InChI": "InChI=1S/C32H16N8.Cu/c1-2-10-18-17(9-1)25-33-26(18)38-28-21-13-5-6-14-22(21)30(35-28)40-32-24-16-8-7-15-23(24)31(36-32)39-29-20-12-4-3-11-19(20)27(34-29)37-25;/h1-16H;",
                "InChIKey": "VVOLVFOSOPJKED-UHFFFAOYSA-N",
                "IUPACName": "copper;2,11,20,29,37,38,39,40-octazanonacyclo[28.6.1.13,10.112,19.121,28.04,9.013,18.022,27.031,36]tetraconta-1(37),2,4,6,8,10(40),11,13,15,17,19(39),20,22,24,26,28(38),29,31,33,35-icosaene",
                "ExactMass": "575.079390",
                "MonoisotopicMass": "575.079390",
                "TPSA": 98.9,
                "Complexity": 1180,
                "Charge": 0,
                "HBondDonorCount": 0,
                "HBondAcceptorCount": 0,
                "RotatableBondCount": 0,
                "HeavyAtomCount": 41,
                "IsotopeAtomCount": 0,
                "AtomStereoCount": 0,
                "DefinedAtomStereoCount": 0,
                "UndefinedAtomStereoCount": 0,
                "BondStereoCount": 0,
                "DefinedBondStereoCount": 0,
                "UndefinedBondStereoCount": 0,
                "CovalentUnitCount": 2,
                "ConformerCount3D": 0,
                "Morgan_128": [
                    0,
                    0,
                    0,
                    0,
                    0,
                    0,
                    0,
                    0,
                    0,
                    0,
                    0,
                    0,
                    0,
                    0,
                    0,
                    1,
                    0,
                    0,
                    0,
                    0,
                    0,
                    0,
                    0,
                    0,
                    0,
                    0,
                    0,
                    0,
                    0,
                    0,
                    0,
                    1,
                    0,
                    0,
                    0,
                    0,
                    0,
                    0,
                    0,
                    0,
                    0,
                    0,
                    0,
                    0,
                    0,
                    0,
                    0,
                    1,
                    1,
                    0,
                    0,
                    0,
                    0,
                    0,
                    0,
                    0,
                    0,
                    0,
                    0,
                    0,
                    0,
                    0,
                    0,
                    0,
                    1,
                    0,
                    0,
                    0,
                    0,
                    0,
                    0,
                    0,
                    0,
                    0,
                    0,
                    0,
                    0,
                    0,
                    0,
                    0,
                    0,
                    1,
                    0,
                    0,
                    0,
                    0,
                    1,
                    0,
                    1,
                    0,
                    0,
                    0,
                    0,
                    0,
                    0,
                    0,
                    1,
                    0,
                    0,
                    0,
                    1,
                    0,
                    0,
                    0,
                    0,
                    0,
                    0,
                    0,
                    0,
                    0,
                    1,
                    0,
                    1,
                    0,
                    0,
                    0,
                    0,
                    0,
                    0,
                    0,
                    0,
                    0,
                    1,
                    1,
                    0,
                    0,
                    0,
                    0
                ]
            }
        }
    ],
    "test_operating_temperature_celsius": 25.0,
    "min_pH_when_testing": -1.0,
    "max_pH_when_testing": -1.0,
    "test_medium_electrolyte": [
        {
            "substance_name": "oxygen",
            "substance_type": "small molecule",
            "substance_descriptors": {
                "CID": 977,
                "MolecularFormula": "O2",
                "MolecularWeight": "31.999",
                "CanonicalSMILES": "O=O",
                "IsomericSMILES": "O=O",
                "InChI": "InChI=1S/O2/c1-2",
                "InChIKey": "MYMOFIZGZYHOMD-UHFFFAOYSA-N",
                "IUPACName": "molecular oxygen",
                "XLogP": -1.1,
                "ExactMass": "31.989829239",
                "MonoisotopicMass": "31.989829239",
                "TPSA": 34.1,
                "Complexity": 0,
                "Charge": 0,
                "HBondDonorCount": 0,
                "HBondAcceptorCount": 2,
                "RotatableBondCount": 0,
                "HeavyAtomCount": 2,
                "IsotopeAtomCount": 0,
                "AtomStereoCount": 0,
                "DefinedAtomStereoCount": 0,
                "UndefinedAtomStereoCount": 0,
                "BondStereoCount": 0,
                "DefinedBondStereoCount": 0,
                "UndefinedBondStereoCount": 0,
                "CovalentUnitCount": 1,
                "Volume3D": 22.9,
                "XStericQuadrupole3D": 0.87,
                "YStericQuadrupole3D": 0.49,
                "ZStericQuadrupole3D": 0.49,
                "FeatureAcceptorCount3D": 0,
                "FeatureDonorCount3D": 0,
                "FeatureAnionCount3D": 0,
                "FeatureCationCount3D": 0,
                "FeatureRingCount3D": 0,
                "FeatureHydrophobeCount3D": 0,
                "ConformerModelRMSD3D": 0.4,
                "EffectiveRotorCount3D": 0,
                "ConformerCount3D": 1,
                "Morgan_128": [
                    0,
                    0,
                    0,
                    0,
                    0,
                    0,
                    0,
                    0,
                    0,
                    0,
                    1,
                    0,
                    0,
                    0,
                    0,
                    0,
                    1,
                    0,
                    0,
                    0,
                    0,
                    0,
                    0,
                    0,
                    0,
                    0,
                    0,
                    0,
                    0,
                    0,
                    0,
                    0,
                    0,
                    0,
                    0,
                    0,
                    0,
                    0,
                    0,
                    0,
                    0,
                    0,
                    0,
                    0,
                    0,
                    0,
                    0,
                    0,
                    0,
                    0,
                    0,
                    0,
                    0,
                    0,
                    0,
                    0,
                    0,
                    0,
                    0,
                    0,
                    0,
                    0,
                    0,
                    0,
                    0,
                    0,
                    0,
                    0,
                    0,
                    0,
                    0,
                    0,
                    0,
                    0,
                    0,
                    0,
                    0,
                    0,
                    0,
                    0,
                    0,
                    0,
                    0,
                    0,
                    0,
                    0,
                    0,
                    0,
                    0,
                    0,
                    0,
                    0,
                    0,
                    0,
                    0,
                    0,
                    0,
                    0,
                    0,
                    0,
                    0,
                    0,
                    0,
                    0,
                    0,
                    0,
                    0,
                    0,
                    0,
                    0,
                    0,
                    0,
                    0,
                    0,
                    0,
                    0,
                    0,
                    0,
                    0,
                    0,
                    0,
                    0,
                    0,
                    0,
                    0,
                    0,
                    0,
                    0
                ]
            }
        },
        {
            "substance_name": "nitrogen",
            "substance_type": "small molecule",
            "substance_descriptors": {
                "CID": 947,
                "MolecularFormula": "N2",
                "MolecularWeight": "28.014",
                "CanonicalSMILES": "N#N",
                "IsomericSMILES": "N#N",
                "InChI": "InChI=1S/N2/c1-2",
                "InChIKey": "IJGRMHOSHXDMSA-UHFFFAOYSA-N",
                "IUPACName": "molecular nitrogen",
                "XLogP": 0.1,
                "ExactMass": "28.006148008",
                "MonoisotopicMass": "28.006148008",
                "TPSA": 47.6,
                "Complexity": 8,
                "Charge": 0,
                "HBondDonorCount": 0,
                "HBondAcceptorCount": 2,
                "RotatableBondCount": 0,
                "HeavyAtomCount": 2,
                "IsotopeAtomCount": 0,
                "AtomStereoCount": 0,
                "DefinedAtomStereoCount": 0,
                "UndefinedAtomStereoCount": 0,
                "BondStereoCount": 0,
                "DefinedBondStereoCount": 0,
                "UndefinedBondStereoCount": 0,
                "CovalentUnitCount": 1,
                "Volume3D": 23.1,
                "XStericQuadrupole3D": 0.82,
                "YStericQuadrupole3D": 0.51,
                "ZStericQuadrupole3D": 0.51,
                "FeatureAcceptorCount3D": 0,
                "FeatureDonorCount3D": 0,
                "FeatureAnionCount3D": 0,
                "FeatureCationCount3D": 0,
                "FeatureRingCount3D": 0,
                "FeatureHydrophobeCount3D": 0,
                "ConformerModelRMSD3D": 0.4,
                "EffectiveRotorCount3D": 0,
                "ConformerCount3D": 1,
                "Morgan_128": [
                    0,
                    0,
                    0,
                    0,
                    0,
                    0,
                    0,
                    0,
                    0,
                    0,
                    0,
                    0,
                    0,
                    0,
                    0,
                    0,
                    0,
                    0,
                    0,
                    0,
                    0,
                    0,
                    0,
                    0,
                    0,
                    0,
                    0,
                    0,
                    0,
                    0,
                    0,
                    0,
                    0,
                    0,
                    0,
                    0,
                    0,
                    0,
                    0,
                    0,
                    0,
                    0,
                    0,
                    0,
                    0,
                    0,
                    0,
                    0,
                    0,
                    0,
                    0,
                    0,
                    0,
                    0,
                    0,
                    0,
                    0,
                    0,
                    0,
                    0,
                    0,
                    0,
                    0,
                    0,
                    0,
                    0,
                    0,
                    0,
                    0,
                    0,
                    0,
                    0,
                    0,
                    0,
                    0,
                    0,
                    1,
                    0,
                    0,
                    0,
                    0,
                    0,
                    0,
                    0,
                    0,
                    0,
                    0,
                    0,
                    0,
                    0,
                    0,
                    0,
                    0,
                    0,
                    0,
                    0,
                    0,
                    0,
                    0,
                    0,
                    0,
                    0,
                    0,
                    0,
                    1,
                    0,
                    0,
                    0,
                    0,
                    0,
                    0,
                    0,
                    0,
                    0,
                    0,
                    0,
                    0,
                    0,
                    0,
                    0,
                    0,
                    0,
                    0,
                    0,
                    0,
                    0,
                    0,
                    0
                ]
            }
        }
    ],
    "LDL_ranking": 3.0,
    "UDL_ranking": 1.0,
    "LDL_category": "High Detection (Lower Sensitivity)",
    "UDL_category": "Moderate UDL Range"
}