{
    "DOI": "10.1002/admi.202200647",
    "sensor_type": "liquid",
    "detect_target": [
        {
            "substance_name": "ammonium",
            "substance_type": "small molecule",
            "substance_descriptors": {
                "CID": 223,
                "MolecularFormula": "H4N+",
                "MolecularWeight": "18.039",
                "CanonicalSMILES": "[NH4+]",
                "IsomericSMILES": "[NH4+]",
                "InChI": "InChI=1S/H3N/h1H3/p+1",
                "InChIKey": "QGZKDVFQNNGYKY-UHFFFAOYSA-O",
                "IUPACName": "azanium",
                "XLogP": -0.7,
                "ExactMass": "18.034374132",
                "MonoisotopicMass": "18.034374132",
                "TPSA": 1,
                "Complexity": 0,
                "Charge": 1,
                "HBondDonorCount": 1,
                "HBondAcceptorCount": 0,
                "RotatableBondCount": 0,
                "HeavyAtomCount": 1,
                "IsotopeAtomCount": 0,
                "AtomStereoCount": 0,
                "DefinedAtomStereoCount": 0,
                "UndefinedAtomStereoCount": 0,
                "BondStereoCount": 0,
                "DefinedBondStereoCount": 0,
                "UndefinedBondStereoCount": 0,
                "CovalentUnitCount": 1,
                "Volume3D": 15.6,
                "XStericQuadrupole3D": 0.51,
                "YStericQuadrupole3D": 0.51,
                "ZStericQuadrupole3D": 0.51,
                "FeatureAcceptorCount3D": 0,
                "FeatureDonorCount3D": 0,
                "FeatureAnionCount3D": 0,
                "FeatureCationCount3D": 1,
                "FeatureRingCount3D": 0,
                "FeatureHydrophobeCount3D": 0,
                "ConformerModelRMSD3D": 0.4,
                "EffectiveRotorCount3D": 0,
                "ConformerCount3D": 1,
                "Morgan_128": [
                    0,
                    0,
                    0,
                    0,
                    0,
                    0,
                    0,
                    0,
                    0,
                    0,
                    0,
                    0,
                    0,
                    0,
                    0,
                    0,
                    0,
                    1,
                    0,
                    0,
                    0,
                    0,
                    0,
                    0,
                    0,
                    0,
                    0,
                    0,
                    0,
                    0,
                    0,
                    0,
                    0,
                    0,
                    0,
                    0,
                    0,
                    0,
                    0,
                    0,
                    0,
                    0,
                    0,
                    0,
                    0,
                    0,
                    0,
                    0,
                    0,
                    0,
                    0,
                    0,
                    0,
                    0,
                    0,
                    0,
                    0,
                    0,
                    0,
                    0,
                    0,
                    0,
                    0,
                    0,
                    0,
                    0,
                    0,
                    0,
                    0,
                    0,
                    0,
                    0,
                    0,
                    0,
                    0,
                    0,
                    0,
                    0,
                    0,
                    0,
                    0,
                    0,
                    0,
                    0,
                    0,
                    0,
                    0,
                    0,
                    0,
                    0,
                    0,
                    0,
                    0,
                    0,
                    0,
                    0,
                    0,
                    0,
                    0,
                    0,
                    0,
                    0,
                    0,
                    0,
                    0,
                    0,
                    0,
                    0,
                    0,
                    0,
                    0,
                    0,
                    0,
                    0,
                    0,
                    0,
                    0,
                    0,
                    0,
                    0,
                    0,
                    0,
                    0,
                    0,
                    0,
                    0,
                    0,
                    0
                ]
            }
        }
    ],
    "lower_detection_limit_log_ppm": -0.965612216,
    "upper_detection_limit_log_ppm": 0.256236533,
    "probe_material": [
        {
            "substance_name": "tungsten trioxide",
            "substance_type": "inorganic solid",
            "substance_descriptors": {
                "Number of Elements": 2,
                "Element Types": [
                    "W",
                    "O"
                ],
                "Number of Atoms in Unit Cell": 16,
                "Lattice Parameter a (\u00c5)": "5.261",
                "Lattice Parameter b (\u00c5)": "5.128",
                "Lattice Parameter c (\u00c5)": "7.65",
                "Lattice Angle alpha (degrees)": "90",
                "Lattice Angle beta (degrees)": "92.05",
                "Lattice Angle gamma (degrees)": "90",
                "Unit Cell Volume (\u00c5\u00b3)": 212.4837403676545,
                "Density (g/cm\u00b3)": 7.2471688904592995,
                "Space Group Number": 113,
                "Band Gap (eV)": 1.657,
                "Is Metallic (1/0)": 0,
                "Formation Energy per Atom (eV)": -2.1803868643749995,
                "Energy Above Hull (eV/atom)": 0.007246704062499276,
                "Energy per Atom (eV/atom)": -9.13411721375,
                "Total Magnetization (\u03bcB)": 0.0,
                "Magnetic Ordering": "NM",
                "Bulk Modulus (GPa)": 165.36,
                "Shear Modulus (GPa)": 43.27,
                "Fermi Energy (eV)": 0.35980451,
                "Total Energy (eV)": -7.27122,
                "Crystal System": "tetragonal",
                "Magpie Descriptors": {
                    "MagpieData minimum Number": 8.0,
                    "MagpieData maximum Number": 74.0,
                    "MagpieData range Number": 66.0,
                    "MagpieData mean Number": 24.5,
                    "MagpieData avg_dev Number": 24.75,
                    "MagpieData mode Number": 8.0,
                    "MagpieData std_dev Number": 46.66904755831214,
                    "MagpieData minimum MendeleevNumber": 51.0,
                    "MagpieData maximum MendeleevNumber": 87.0,
                    "MagpieData range MendeleevNumber": 36.0,
                    "MagpieData mean MendeleevNumber": 78.0,
                    "MagpieData avg_dev MendeleevNumber": 13.5,
                    "MagpieData mode MendeleevNumber": 87.0,
                    "MagpieData std_dev MendeleevNumber": 25.45584412271571,
                    "MagpieData minimum AtomicWeight": 15.9994,
                    "MagpieData maximum AtomicWeight": 183.84,
                    "MagpieData range AtomicWeight": 167.8406,
                    "MagpieData mean AtomicWeight": 57.95955,
                    "MagpieData avg_dev AtomicWeight": 62.940225,
                    "MagpieData mode AtomicWeight": 15.9994,
                    "MagpieData std_dev AtomicWeight": 118.68122641841885,
                    "MagpieData minimum MeltingT": 54.8,
                    "MagpieData maximum MeltingT": 3695.0,
                    "MagpieData range MeltingT": 3640.2,
                    "MagpieData mean MeltingT": 964.85,
                    "MagpieData avg_dev MeltingT": 1365.075,
                    "MagpieData mode MeltingT": 54.8,
                    "MagpieData std_dev MeltingT": 2574.0101048752704,
                    "MagpieData minimum Column": 6.0,
                    "MagpieData maximum Column": 16.0,
                    "MagpieData range Column": 10.0,
                    "MagpieData mean Column": 13.5,
                    "MagpieData avg_dev Column": 3.75,
                    "MagpieData mode Column": 16.0,
                    "MagpieData std_dev Column": 7.0710678118654755,
                    "MagpieData minimum Row": 2.0,
                    "MagpieData maximum Row": 6.0,
                    "MagpieData range Row": 4.0,
                    "MagpieData mean Row": 3.0,
                    "MagpieData avg_dev Row": 1.5,
                    "MagpieData mode Row": 2.0,
                    "MagpieData std_dev Row": 2.8284271247461903,
                    "MagpieData minimum CovalentRadius": 66.0,
                    "MagpieData maximum CovalentRadius": 162.0,
                    "MagpieData range CovalentRadius": 96.0,
                    "MagpieData mean CovalentRadius": 90.0,
                    "MagpieData avg_dev CovalentRadius": 36.0,
                    "MagpieData mode CovalentRadius": 66.0,
                    "MagpieData std_dev CovalentRadius": 67.88225099390856,
                    "MagpieData minimum Electronegativity": 2.36,
                    "MagpieData maximum Electronegativity": 3.44,
                    "MagpieData range Electronegativity": 1.08,
                    "MagpieData mean Electronegativity": 3.17,
                    "MagpieData avg_dev Electronegativity": 0.405,
                    "MagpieData mode Electronegativity": 3.44,
                    "MagpieData std_dev Electronegativity": 0.7636753236814714,
                    "MagpieData minimum NsValence": 2.0,
                    "MagpieData maximum NsValence": 2.0,
                    "MagpieData range NsValence": 0.0,
                    "MagpieData mean NsValence": 2.0,
                    "MagpieData avg_dev NsValence": 0.0,
                    "MagpieData mode NsValence": 2.0,
                    "MagpieData std_dev NsValence": 0.0,
                    "MagpieData minimum NpValence": 0.0,
                    "MagpieData maximum NpValence": 4.0,
                    "MagpieData range NpValence": 4.0,
                    "MagpieData mean NpValence": 3.0,
                    "MagpieData avg_dev NpValence": 1.5,
                    "MagpieData mode NpValence": 4.0,
                    "MagpieData std_dev NpValence": 2.8284271247461903,
                    "MagpieData minimum NdValence": 0.0,
                    "MagpieData maximum NdValence": 4.0,
                    "MagpieData range NdValence": 4.0,
                    "MagpieData mean NdValence": 1.0,
                    "MagpieData avg_dev NdValence": 1.5,
                    "MagpieData mode NdValence": 0.0,
                    "MagpieData std_dev NdValence": 2.8284271247461903,
                    "MagpieData minimum NfValence": 0.0,
                    "MagpieData maximum NfValence": 14.0,
                    "MagpieData range NfValence": 14.0,
                    "MagpieData mean NfValence": 3.5,
                    "MagpieData avg_dev NfValence": 5.25,
                    "MagpieData mode NfValence": 0.0,
                    "MagpieData std_dev NfValence": 9.899494936611665,
                    "MagpieData minimum NValence": 6.0,
                    "MagpieData maximum NValence": 20.0,
                    "MagpieData range NValence": 14.0,
                    "MagpieData mean NValence": 9.5,
                    "MagpieData avg_dev NValence": 5.25,
                    "MagpieData mode NValence": 6.0,
                    "MagpieData std_dev NValence": 9.899494936611665,
                    "MagpieData minimum NsUnfilled": 0.0,
                    "MagpieData maximum NsUnfilled": 0.0,
                    "MagpieData range NsUnfilled": 0.0,
                    "MagpieData mean NsUnfilled": 0.0,
                    "MagpieData avg_dev NsUnfilled": 0.0,
                    "MagpieData mode NsUnfilled": 0.0,
                    "MagpieData std_dev NsUnfilled": 0.0,
                    "MagpieData minimum NpUnfilled": 0.0,
                    "MagpieData maximum NpUnfilled": 2.0,
                    "MagpieData range NpUnfilled": 2.0,
                    "MagpieData mean NpUnfilled": 1.5,
                    "MagpieData avg_dev NpUnfilled": 0.75,
                    "MagpieData mode NpUnfilled": 2.0,
                    "MagpieData std_dev NpUnfilled": 1.4142135623730951,
                    "MagpieData minimum NdUnfilled": 0.0,
                    "MagpieData maximum NdUnfilled": 6.0,
                    "MagpieData range NdUnfilled": 6.0,
                    "MagpieData mean NdUnfilled": 1.5,
                    "MagpieData avg_dev NdUnfilled": 2.25,
                    "MagpieData mode NdUnfilled": 0.0,
                    "MagpieData std_dev NdUnfilled": 4.242640687119285,
                    "MagpieData minimum NfUnfilled": 0.0,
                    "MagpieData maximum NfUnfilled": 0.0,
                    "MagpieData range NfUnfilled": 0.0,
                    "MagpieData mean NfUnfilled": 0.0,
                    "MagpieData avg_dev NfUnfilled": 0.0,
                    "MagpieData mode NfUnfilled": 0.0,
                    "MagpieData std_dev NfUnfilled": 0.0,
                    "MagpieData minimum NUnfilled": 2.0,
                    "MagpieData maximum NUnfilled": 6.0,
                    "MagpieData range NUnfilled": 4.0,
                    "MagpieData mean NUnfilled": 3.0,
                    "MagpieData avg_dev NUnfilled": 1.5,
                    "MagpieData mode NUnfilled": 2.0,
                    "MagpieData std_dev NUnfilled": 2.8284271247461903,
                    "MagpieData minimum GSvolume_pa": 9.105,
                    "MagpieData maximum GSvolume_pa": 16.05,
                    "MagpieData range GSvolume_pa": 6.945,
                    "MagpieData mean GSvolume_pa": 10.84125,
                    "MagpieData avg_dev GSvolume_pa": 2.604375,
                    "MagpieData mode GSvolume_pa": 9.105,
                    "MagpieData std_dev GSvolume_pa": 4.910856595340573,
                    "MagpieData minimum GSbandgap": 0.0,
                    "MagpieData maximum GSbandgap": 0.0,
                    "MagpieData range GSbandgap": 0.0,
                    "MagpieData mean GSbandgap": 0.0,
                    "MagpieData avg_dev GSbandgap": 0.0,
                    "MagpieData mode GSbandgap": 0.0,
                    "MagpieData std_dev GSbandgap": 0.0,
                    "MagpieData minimum GSmagmom": 0.0,
                    "MagpieData maximum GSmagmom": 0.0,
                    "MagpieData range GSmagmom": 0.0,
                    "MagpieData mean GSmagmom": 0.0,
                    "MagpieData avg_dev GSmagmom": 0.0,
                    "MagpieData mode GSmagmom": 0.0,
                    "MagpieData std_dev GSmagmom": 0.0,
                    "MagpieData minimum SpaceGroupNumber": 12.0,
                    "MagpieData maximum SpaceGroupNumber": 229.0,
                    "MagpieData range SpaceGroupNumber": 217.0,
                    "MagpieData mean SpaceGroupNumber": 66.25,
                    "MagpieData avg_dev SpaceGroupNumber": 81.375,
                    "MagpieData mode SpaceGroupNumber": 12.0,
                    "MagpieData std_dev SpaceGroupNumber": 153.4421715174808
                }
            }
        }
    ],
    "test_operating_temperature_celsius": 27.5,
    "min_pH_when_testing": 6.9,
    "max_pH_when_testing": 6.9,
    "test_medium_electrolyte": [
        {
            "substance_name": "water",
            "substance_type": "small molecule",
            "substance_descriptors": {
                "CID": 962,
                "MolecularFormula": "H2O",
                "MolecularWeight": "18.015",
                "CanonicalSMILES": "O",
                "IsomericSMILES": "O",
                "InChI": "InChI=1S/H2O/h1H2",
                "InChIKey": "XLYOFNOQVPJJNP-UHFFFAOYSA-N",
                "IUPACName": "oxidane",
                "XLogP": -0.5,
                "ExactMass": "18.010564683",
                "MonoisotopicMass": "18.010564683",
                "TPSA": 1,
                "Complexity": 0,
                "Charge": 0,
                "HBondDonorCount": 1,
                "HBondAcceptorCount": 1,
                "RotatableBondCount": 0,
                "HeavyAtomCount": 1,
                "IsotopeAtomCount": 0,
                "AtomStereoCount": 0,
                "DefinedAtomStereoCount": 0,
                "UndefinedAtomStereoCount": 0,
                "BondStereoCount": 0,
                "DefinedBondStereoCount": 0,
                "UndefinedBondStereoCount": 0,
                "CovalentUnitCount": 1,
                "Volume3D": 14.7,
                "XStericQuadrupole3D": 0.49,
                "YStericQuadrupole3D": 0.49,
                "ZStericQuadrupole3D": 0.49,
                "FeatureAcceptorCount3D": 1,
                "FeatureDonorCount3D": 1,
                "FeatureAnionCount3D": 0,
                "FeatureCationCount3D": 0,
                "FeatureRingCount3D": 0,
                "FeatureHydrophobeCount3D": 0,
                "ConformerModelRMSD3D": 0.4,
                "EffectiveRotorCount3D": 0,
                "ConformerCount3D": 1,
                "Morgan_128": [
                    0,
                    0,
                    0,
                    0,
                    0,
                    0,
                    0,
                    0,
                    0,
                    0,
                    0,
                    0,
                    0,
                    0,
                    0,
                    0,
                    0,
                    0,
                    0,
                    0,
                    0,
                    0,
                    1,
                    0,
                    0,
                    0,
                    0,
                    0,
                    0,
                    0,
                    0,
                    0,
                    0,
                    0,
                    0,
                    0,
                    0,
                    0,
                    0,
                    0,
                    0,
                    0,
                    0,
                    0,
                    0,
                    0,
                    0,
                    0,
                    0,
                    0,
                    0,
                    0,
                    0,
                    0,
                    0,
                    0,
                    0,
                    0,
                    0,
                    0,
                    0,
                    0,
                    0,
                    0,
                    0,
                    0,
                    0,
                    0,
                    0,
                    0,
                    0,
                    0,
                    0,
                    0,
                    0,
                    0,
                    0,
                    0,
                    0,
                    0,
                    0,
                    0,
                    0,
                    0,
                    0,
                    0,
                    0,
                    0,
                    0,
                    0,
                    0,
                    0,
                    0,
                    0,
                    0,
                    0,
                    0,
                    0,
                    0,
                    0,
                    0,
                    0,
                    0,
                    0,
                    0,
                    0,
                    0,
                    0,
                    0,
                    0,
                    0,
                    0,
                    0,
                    0,
                    0,
                    0,
                    0,
                    0,
                    0,
                    0,
                    0,
                    0,
                    0,
                    0,
                    0,
                    0,
                    0,
                    0
                ]
            }
        },
        {
            "substance_name": "sodium chloride",
            "substance_type": "small molecule",
            "substance_descriptors": {
                "CID": 5234,
                "MolecularFormula": "ClNa",
                "MolecularWeight": "58.44",
                "CanonicalSMILES": "[Na+].[Cl-]",
                "IsomericSMILES": "[Na+].[Cl-]",
                "InChI": "InChI=1S/ClH.Na/h1H;/q;+1/p-1",
                "InChIKey": "FAPWRFPIFSIZLT-UHFFFAOYSA-M",
                "IUPACName": "sodium;chloride",
                "ExactMass": "57.9586220",
                "MonoisotopicMass": "57.9586220",
                "TPSA": 0,
                "Complexity": 2,
                "Charge": 0,
                "HBondDonorCount": 0,
                "HBondAcceptorCount": 1,
                "RotatableBondCount": 0,
                "HeavyAtomCount": 2,
                "IsotopeAtomCount": 0,
                "AtomStereoCount": 0,
                "DefinedAtomStereoCount": 0,
                "UndefinedAtomStereoCount": 0,
                "BondStereoCount": 0,
                "DefinedBondStereoCount": 0,
                "UndefinedBondStereoCount": 0,
                "CovalentUnitCount": 2,
                "ConformerCount3D": 0,
                "Morgan_128": [
                    0,
                    0,
                    0,
                    0,
                    0,
                    0,
                    0,
                    0,
                    0,
                    0,
                    0,
                    0,
                    0,
                    0,
                    0,
                    0,
                    0,
                    0,
                    0,
                    0,
                    0,
                    0,
                    0,
                    0,
                    0,
                    0,
                    0,
                    0,
                    0,
                    0,
                    0,
                    0,
                    0,
                    0,
                    0,
                    0,
                    0,
                    0,
                    0,
                    0,
                    0,
                    0,
                    0,
                    0,
                    0,
                    0,
                    0,
                    0,
                    0,
                    0,
                    0,
                    0,
                    0,
                    0,
                    0,
                    0,
                    0,
                    0,
                    0,
                    0,
                    0,
                    1,
                    0,
                    0,
                    0,
                    0,
                    0,
                    0,
                    0,
                    0,
                    0,
                    0,
                    0,
                    0,
                    1,
                    0,
                    0,
                    0,
                    0,
                    0,
                    0,
                    0,
                    0,
                    0,
                    0,
                    0,
                    0,
                    0,
                    0,
                    0,
                    0,
                    0,
                    0,
                    0,
                    0,
                    0,
                    0,
                    0,
                    0,
                    0,
                    0,
                    0,
                    0,
                    0,
                    0,
                    0,
                    0,
                    0,
                    0,
                    0,
                    0,
                    0,
                    0,
                    0,
                    0,
                    0,
                    0,
                    0,
                    0,
                    0,
                    0,
                    0,
                    0,
                    0,
                    0,
                    0,
                    0,
                    0
                ]
            }
        },
        {
            "substance_name": "potassium chloride",
            "substance_type": "small molecule",
            "substance_descriptors": {
                "CID": 4873,
                "MolecularFormula": "ClK",
                "MolecularWeight": "74.55",
                "CanonicalSMILES": "[Cl-].[K+]",
                "IsomericSMILES": "[Cl-].[K+]",
                "InChI": "InChI=1S/ClH.K/h1H;/q;+1/p-1",
                "InChIKey": "WCUXLLCKKVVCTQ-UHFFFAOYSA-M",
                "IUPACName": "potassium;chloride",
                "ExactMass": "73.9325592",
                "MonoisotopicMass": "73.9325592",
                "TPSA": 0,
                "Complexity": 2,
                "Charge": 0,
                "HBondDonorCount": 0,
                "HBondAcceptorCount": 1,
                "RotatableBondCount": 0,
                "HeavyAtomCount": 2,
                "IsotopeAtomCount": 0,
                "AtomStereoCount": 0,
                "DefinedAtomStereoCount": 0,
                "UndefinedAtomStereoCount": 0,
                "BondStereoCount": 0,
                "DefinedBondStereoCount": 0,
                "UndefinedBondStereoCount": 0,
                "CovalentUnitCount": 2,
                "ConformerCount3D": 0,
                "Morgan_128": [
                    0,
                    0,
                    0,
                    0,
                    0,
                    0,
                    0,
                    0,
                    0,
                    0,
                    0,
                    0,
                    0,
                    0,
                    0,
                    0,
                    0,
                    0,
                    0,
                    0,
                    0,
                    0,
                    0,
                    0,
                    0,
                    0,
                    0,
                    0,
                    0,
                    0,
                    0,
                    0,
                    0,
                    0,
                    0,
                    0,
                    0,
                    0,
                    0,
                    0,
                    0,
                    0,
                    0,
                    0,
                    0,
                    0,
                    0,
                    0,
                    0,
                    0,
                    0,
                    0,
                    0,
                    0,
                    0,
                    0,
                    0,
                    0,
                    0,
                    0,
                    0,
                    0,
                    0,
                    0,
                    0,
                    0,
                    0,
                    0,
                    0,
                    0,
                    0,
                    0,
                    0,
                    0,
                    1,
                    0,
                    0,
                    0,
                    0,
                    0,
                    0,
                    0,
                    0,
                    1,
                    0,
                    0,
                    0,
                    0,
                    0,
                    0,
                    0,
                    0,
                    0,
                    0,
                    0,
                    0,
                    0,
                    0,
                    0,
                    0,
                    0,
                    0,
                    0,
                    0,
                    0,
                    0,
                    0,
                    0,
                    0,
                    0,
                    0,
                    0,
                    0,
                    0,
                    0,
                    0,
                    0,
                    0,
                    0,
                    0,
                    0,
                    0,
                    0,
                    0,
                    0,
                    0,
                    0,
                    0
                ]
            }
        },
        {
            "substance_name": "calcium chloride",
            "substance_type": "inorganic solid",
            "substance_descriptors": {
                "Number of Elements": 2,
                "Element Types": [
                    "Ca",
                    "Cl"
                ],
                "Number of Atoms in Unit Cell": 6,
                "Lattice Parameter a (\u00c5)": "6.24",
                "Lattice Parameter b (\u00c5)": "6.43",
                "Lattice Parameter c (\u00c5)": "4.2",
                "Lattice Angle alpha (degrees)": "90",
                "Lattice Angle beta (degrees)": "90",
                "Lattice Angle gamma (degrees)": "90",
                "Unit Cell Volume (\u00c5\u00b3)": 170.5248726727329,
                "Density (g/cm\u00b3)": 2.1614825436196097,
                "Space Group Number": 58,
                "Band Gap (eV)": 5.3978,
                "Is Metallic (1/0)": 0,
                "Formation Energy per Atom (eV)": -2.6461558583333336,
                "Energy Above Hull (eV/atom)": 0.001145210833334076,
                "Energy per Atom (eV/atom)": -9.09387969,
                "Total Magnetization (\u03bcB)": 0.0,
                "Magnetic Ordering": "NM",
                "Bulk Modulus (GPa)": 16.828,
                "Shear Modulus (GPa)": 11.051,
                "Fermi Energy (eV)": -0.57251946,
                "Total Energy (eV)": -2.42258,
                "Crystal System": "orthorhombic",
                "Magpie Descriptors": {
                    "MagpieData minimum Number": 17.0,
                    "MagpieData maximum Number": 20.0,
                    "MagpieData range Number": 3.0,
                    "MagpieData mean Number": 18.0,
                    "MagpieData avg_dev Number": 1.3333333333333333,
                    "MagpieData mode Number": 17.0,
                    "MagpieData std_dev Number": 2.1213203435596424,
                    "MagpieData minimum MendeleevNumber": 7.0,
                    "MagpieData maximum MendeleevNumber": 94.0,
                    "MagpieData range MendeleevNumber": 87.0,
                    "MagpieData mean MendeleevNumber": 65.0,
                    "MagpieData avg_dev MendeleevNumber": 38.666666666666664,
                    "MagpieData mode MendeleevNumber": 94.0,
                    "MagpieData std_dev MendeleevNumber": 61.518289963229634,
                    "MagpieData minimum AtomicWeight": 35.453,
                    "MagpieData maximum AtomicWeight": 40.078,
                    "MagpieData range AtomicWeight": 4.625,
                    "MagpieData mean AtomicWeight": 36.99466666666667,
                    "MagpieData avg_dev AtomicWeight": 2.0555555555555545,
                    "MagpieData mode AtomicWeight": 35.453,
                    "MagpieData std_dev AtomicWeight": 3.270368862987782,
                    "MagpieData minimum MeltingT": 171.6,
                    "MagpieData maximum MeltingT": 1115.0,
                    "MagpieData range MeltingT": 943.4,
                    "MagpieData mean MeltingT": 486.0666666666666,
                    "MagpieData avg_dev MeltingT": 419.28888888888883,
                    "MagpieData mode MeltingT": 171.6,
                    "MagpieData std_dev MeltingT": 667.0845373713889,
                    "MagpieData minimum Column": 2.0,
                    "MagpieData maximum Column": 17.0,
                    "MagpieData range Column": 15.0,
                    "MagpieData mean Column": 11.999999999999998,
                    "MagpieData avg_dev Column": 6.666666666666667,
                    "MagpieData mode Column": 17.0,
                    "MagpieData std_dev Column": 10.606601717798213,
                    "MagpieData minimum Row": 3.0,
                    "MagpieData maximum Row": 4.0,
                    "MagpieData range Row": 1.0,
                    "MagpieData mean Row": 3.333333333333333,
                    "MagpieData avg_dev Row": 0.4444444444444443,
                    "MagpieData mode Row": 3.0,
                    "MagpieData std_dev Row": 0.7071067811865476,
                    "MagpieData minimum CovalentRadius": 102.0,
                    "MagpieData maximum CovalentRadius": 176.0,
                    "MagpieData range CovalentRadius": 74.0,
                    "MagpieData mean CovalentRadius": 126.66666666666666,
                    "MagpieData avg_dev CovalentRadius": 32.888888888888886,
                    "MagpieData mode CovalentRadius": 102.0,
                    "MagpieData std_dev CovalentRadius": 52.32590180780452,
                    "MagpieData minimum Electronegativity": 1.0,
                    "MagpieData maximum Electronegativity": 3.16,
                    "MagpieData range Electronegativity": 2.16,
                    "MagpieData mean Electronegativity": 2.44,
                    "MagpieData avg_dev Electronegativity": 0.9600000000000001,
                    "MagpieData mode Electronegativity": 3.16,
                    "MagpieData std_dev Electronegativity": 1.5273506473629428,
                    "MagpieData minimum NsValence": 2.0,
                    "MagpieData maximum NsValence": 2.0,
                    "MagpieData range NsValence": 0.0,
                    "MagpieData mean NsValence": 2.0,
                    "MagpieData avg_dev NsValence": 0.0,
                    "MagpieData mode NsValence": 2.0,
                    "MagpieData std_dev NsValence": 0.0,
                    "MagpieData minimum NpValence": 0.0,
                    "MagpieData maximum NpValence": 5.0,
                    "MagpieData range NpValence": 5.0,
                    "MagpieData mean NpValence": 3.333333333333333,
                    "MagpieData avg_dev NpValence": 2.2222222222222223,
                    "MagpieData mode NpValence": 5.0,
                    "MagpieData std_dev NpValence": 3.5355339059327378,
                    "MagpieData minimum NdValence": 0.0,
                    "MagpieData maximum NdValence": 0.0,
                    "MagpieData range NdValence": 0.0,
                    "MagpieData mean NdValence": 0.0,
                    "MagpieData avg_dev NdValence": 0.0,
                    "MagpieData mode NdValence": 0.0,
                    "MagpieData std_dev NdValence": 0.0,
                    "MagpieData minimum NfValence": 0.0,
                    "MagpieData maximum NfValence": 0.0,
                    "MagpieData range NfValence": 0.0,
                    "MagpieData mean NfValence": 0.0,
                    "MagpieData avg_dev NfValence": 0.0,
                    "MagpieData mode NfValence": 0.0,
                    "MagpieData std_dev NfValence": 0.0,
                    "MagpieData minimum NValence": 2.0,
                    "MagpieData maximum NValence": 7.0,
                    "MagpieData range NValence": 5.0,
                    "MagpieData mean NValence": 5.333333333333333,
                    "MagpieData avg_dev NValence": 2.2222222222222223,
                    "MagpieData mode NValence": 7.0,
                    "MagpieData std_dev NValence": 3.5355339059327378,
                    "MagpieData minimum NsUnfilled": 0.0,
                    "MagpieData maximum NsUnfilled": 0.0,
                    "MagpieData range NsUnfilled": 0.0,
                    "MagpieData mean NsUnfilled": 0.0,
                    "MagpieData avg_dev NsUnfilled": 0.0,
                    "MagpieData mode NsUnfilled": 0.0,
                    "MagpieData std_dev NsUnfilled": 0.0,
                    "MagpieData minimum NpUnfilled": 0.0,
                    "MagpieData maximum NpUnfilled": 1.0,
                    "MagpieData range NpUnfilled": 1.0,
                    "MagpieData mean NpUnfilled": 0.6666666666666666,
                    "MagpieData avg_dev NpUnfilled": 0.4444444444444444,
                    "MagpieData mode NpUnfilled": 1.0,
                    "MagpieData std_dev NpUnfilled": 0.7071067811865476,
                    "MagpieData minimum NdUnfilled": 0.0,
                    "MagpieData maximum NdUnfilled": 0.0,
                    "MagpieData range NdUnfilled": 0.0,
                    "MagpieData mean NdUnfilled": 0.0,
                    "MagpieData avg_dev NdUnfilled": 0.0,
                    "MagpieData mode NdUnfilled": 0.0,
                    "MagpieData std_dev NdUnfilled": 0.0,
                    "MagpieData minimum NfUnfilled": 0.0,
                    "MagpieData maximum NfUnfilled": 0.0,
                    "MagpieData range NfUnfilled": 0.0,
                    "MagpieData mean NfUnfilled": 0.0,
                    "MagpieData avg_dev NfUnfilled": 0.0,
                    "MagpieData mode NfUnfilled": 0.0,
                    "MagpieData std_dev NfUnfilled": 0.0,
                    "MagpieData minimum NUnfilled": 0.0,
                    "MagpieData maximum NUnfilled": 1.0,
                    "MagpieData range NUnfilled": 1.0,
                    "MagpieData mean NUnfilled": 0.6666666666666666,
                    "MagpieData avg_dev NUnfilled": 0.4444444444444444,
                    "MagpieData mode NUnfilled": 1.0,
                    "MagpieData std_dev NUnfilled": 0.7071067811865476,
                    "MagpieData minimum GSvolume_pa": 24.4975,
                    "MagpieData maximum GSvolume_pa": 37.77,
                    "MagpieData range GSvolume_pa": 13.272500000000004,
                    "MagpieData mean GSvolume_pa": 28.921666666666663,
                    "MagpieData avg_dev GSvolume_pa": 5.898888888888889,
                    "MagpieData mode GSvolume_pa": 24.4975,
                    "MagpieData std_dev GSvolume_pa": 9.385074753298454,
                    "MagpieData minimum GSbandgap": 0.0,
                    "MagpieData maximum GSbandgap": 2.493,
                    "MagpieData range GSbandgap": 2.493,
                    "MagpieData mean GSbandgap": 1.662,
                    "MagpieData avg_dev GSbandgap": 1.1079999999999999,
                    "MagpieData mode GSbandgap": 2.493,
                    "MagpieData std_dev GSbandgap": 1.7628172054980629,
                    "MagpieData minimum GSmagmom": 0.0,
                    "MagpieData maximum GSmagmom": 0.0,
                    "MagpieData range GSmagmom": 0.0,
                    "MagpieData mean GSmagmom": 0.0,
                    "MagpieData avg_dev GSmagmom": 0.0,
                    "MagpieData mode GSmagmom": 0.0,
                    "MagpieData std_dev GSmagmom": 0.0,
                    "MagpieData minimum SpaceGroupNumber": 64.0,
                    "MagpieData maximum SpaceGroupNumber": 225.0,
                    "MagpieData range SpaceGroupNumber": 161.0,
                    "MagpieData mean SpaceGroupNumber": 117.66666666666666,
                    "MagpieData avg_dev SpaceGroupNumber": 71.55555555555554,
                    "MagpieData mode SpaceGroupNumber": 64.0,
                    "MagpieData std_dev SpaceGroupNumber": 113.84419177103415
                }
            }
        }
    ],
    "LDL_ranking": 1.0,
    "UDL_ranking": 1.0,
    "LDL_category": "High Detection (Lower Sensitivity)",
    "UDL_category": "Low UDL Range"
}