{
    "DOI": "10.1002/adma.201505641",
    "sensor_type": "gas",
    "detect_target": [
        {
            "substance_name": "xylene",
            "substance_type": "small molecule",
            "substance_descriptors": {
                "CID": 7237,
                "MolecularFormula": "C8H10",
                "MolecularWeight": "106.16",
                "CanonicalSMILES": "CC1=CC=CC=C1C",
                "IsomericSMILES": "CC1=CC=CC=C1C",
                "InChI": "InChI=1S/C8H10/c1-7-5-3-4-6-8(7)2/h3-6H,1-2H3",
                "InChIKey": "CTQNGGLPUBDAKN-UHFFFAOYSA-N",
                "IUPACName": "1,2-xylene",
                "XLogP": 3.1,
                "ExactMass": "106.078250319",
                "MonoisotopicMass": "106.078250319",
                "TPSA": 0,
                "Complexity": 56,
                "Charge": 0,
                "HBondDonorCount": 0,
                "HBondAcceptorCount": 0,
                "RotatableBondCount": 0,
                "HeavyAtomCount": 8,
                "IsotopeAtomCount": 0,
                "AtomStereoCount": 0,
                "DefinedAtomStereoCount": 0,
                "UndefinedAtomStereoCount": 0,
                "BondStereoCount": 0,
                "DefinedBondStereoCount": 0,
                "UndefinedBondStereoCount": 0,
                "CovalentUnitCount": 1,
                "Volume3D": 92.4,
                "XStericQuadrupole3D": 2.51,
                "YStericQuadrupole3D": 1.88,
                "ZStericQuadrupole3D": 0.62,
                "FeatureAcceptorCount3D": 0,
                "FeatureDonorCount3D": 0,
                "FeatureAnionCount3D": 0,
                "FeatureCationCount3D": 0,
                "FeatureRingCount3D": 1,
                "FeatureHydrophobeCount3D": 0,
                "ConformerModelRMSD3D": 0.4,
                "EffectiveRotorCount3D": 0,
                "ConformerCount3D": 1,
                "Morgan_128": [
                    0,
                    0,
                    0,
                    0,
                    0,
                    0,
                    0,
                    0,
                    0,
                    0,
                    0,
                    0,
                    0,
                    0,
                    0,
                    0,
                    0,
                    0,
                    0,
                    0,
                    0,
                    0,
                    0,
                    0,
                    0,
                    0,
                    0,
                    0,
                    0,
                    0,
                    0,
                    0,
                    0,
                    1,
                    0,
                    0,
                    0,
                    0,
                    0,
                    0,
                    0,
                    0,
                    0,
                    0,
                    0,
                    0,
                    0,
                    1,
                    0,
                    0,
                    0,
                    0,
                    0,
                    0,
                    0,
                    0,
                    0,
                    0,
                    1,
                    0,
                    0,
                    0,
                    0,
                    0,
                    1,
                    0,
                    0,
                    0,
                    0,
                    0,
                    0,
                    0,
                    0,
                    0,
                    0,
                    0,
                    0,
                    0,
                    0,
                    1,
                    0,
                    1,
                    0,
                    0,
                    0,
                    0,
                    1,
                    0,
                    0,
                    0,
                    0,
                    0,
                    0,
                    0,
                    0,
                    0,
                    0,
                    0,
                    0,
                    0,
                    1,
                    0,
                    0,
                    0,
                    0,
                    0,
                    0,
                    0,
                    0,
                    0,
                    0,
                    1,
                    0,
                    0,
                    0,
                    0,
                    0,
                    0,
                    0,
                    1,
                    0,
                    0,
                    0,
                    0,
                    0,
                    0,
                    0,
                    0
                ]
            }
        }
    ],
    "lower_detection_limit_log_ppm": 1.602059991,
    "upper_detection_limit_log_ppm": 2.176091259,
    "probe_material": [
        {
            "substance_name": "poly(diketopyrrolopyrrole-terthiophene)",
            "substance_type": "polymer",
            "substance_descriptors": {
                "mol_weight": 1529.964,
                "exact_mol_weight": 1527.9617622399994,
                "num_h_donors": 3,
                "num_h_acceptors": 25,
                "logP": 16.07019999999997,
                "tpsa": 239.67999999999995,
                "num_rotatable_bonds": 11,
                "fraction_csp3": 0.0,
                "labute_asa": 608.5107180344013,
                "peoe_vsa": [
                    0.0,
                    43.34027599352178,
                    34.88784964663046,
                    32.684942252307714,
                    102.0310729014126,
                    48.559895662809694,
                    146.28166940325775,
                    117.59214777279269,
                    5.693927994848461,
                    39.85749596393922,
                    0.0,
                    0.0,
                    21.715161567602163,
                    22.237067580208027
                ],
                "peoe_vsa_summary": {
                    "vsa_sum": 614.8815067393306,
                    "vsa_mean": 43.9201076242379,
                    "vsa_std": 44.513163876760466
                },
                "smr_vsa": [
                    0.0,
                    0.0,
                    39.87182816757766,
                    0.0,
                    14.686450426553325,
                    0.0,
                    316.56890755400843,
                    0.0,
                    94.3228958958007,
                    149.43142469539046
                ],
                "smr_vsa_summary": {
                    "vsa_sum": 614.8815067393306,
                    "vsa_mean": 61.488150673933056,
                    "vsa_std": 97.6933776574216
                },
                "slogp_vsa": [
                    43.952229147810186,
                    39.87182816757766,
                    0.0,
                    0.0,
                    14.631441581103898,
                    272.67168725164765,
                    0.0,
                    109.03830543747085,
                    0.0,
                    0.0,
                    0.0,
                    134.71601515372032
                ],
                "slogp_vsa_summary": {
                    "vsa_sum": 614.8815067393306,
                    "vsa_mean": 51.24012556161088,
                    "vsa_std": 79.90444314962761
                },
                "kappa1": 65.10308564159243,
                "kappa2": 27.885303524275997,
                "kappa3": 12.525078287756617,
                "chi0": 50.7215304484013,
                "chi1": 29.820935631474114,
                "chi0n": 50.7215304484013,
                "chi1n": 29.820935631474114,
                "chi2n": 21.51735049112419,
                "chi0v": 60.75328124975057,
                "chi1v": 41.71766092294223,
                "chi2v": 36.59620432978153,
                "num_rings": 20,
                "num_aromatic_rings": 9,
                "num_aliphatic_rings": 11,
                "num_saturated_rings": 0,
                "num_heteroatoms": 28,
                "num_spiro_atoms": 0,
                "num_bridgehead_atoms": 0,
                "phi": 0.08055632772515342,
                "morgan_fp_128": [
                    0,
                    0,
                    0,
                    1,
                    0,
                    1,
                    1,
                    0,
                    0,
                    0,
                    1,
                    0,
                    0,
                    1,
                    1,
                    0,
                    0,
                    1,
                    0,
                    1,
                    0,
                    0,
                    1,
                    0,
                    0,
                    0,
                    0,
                    0,
                    0,
                    0,
                    0,
                    1,
                    1,
                    0,
                    1,
                    1,
                    1,
                    0,
                    0,
                    0,
                    0,
                    0,
                    1,
                    0,
                    1,
                    0,
                    0,
                    1,
                    0,
                    0,
                    0,
                    0,
                    0,
                    0,
                    0,
                    1,
                    0,
                    1,
                    1,
                    1,
                    0,
                    1,
                    1,
                    1,
                    1,
                    0,
                    0,
                    1,
                    0,
                    0,
                    0,
                    0,
                    0,
                    0,
                    1,
                    0,
                    0,
                    1,
                    0,
                    0,
                    0,
                    1,
                    0,
                    0,
                    1,
                    1,
                    1,
                    0,
                    0,
                    0,
                    0,
                    0,
                    0,
                    0,
                    1,
                    0,
                    0,
                    1,
                    0,
                    0,
                    1,
                    0,
                    0,
                    1,
                    1,
                    0,
                    1,
                    0,
                    0,
                    0,
                    0,
                    0,
                    0,
                    1,
                    0,
                    0,
                    0,
                    0,
                    0,
                    1,
                    0,
                    0,
                    1,
                    0,
                    1,
                    1,
                    1,
                    1
                ],
                "maccs_fp": [
                    0,
                    0,
                    0,
                    0,
                    0,
                    0,
                    0,
                    0,
                    0,
                    0,
                    0,
                    0,
                    0,
                    0,
                    0,
                    0,
                    0,
                    0,
                    0,
                    0,
                    0,
                    0,
                    0,
                    0,
                    0,
                    0,
                    0,
                    0,
                    0,
                    0,
                    0,
                    0,
                    0,
                    0,
                    0,
                    0,
                    1,
                    0,
                    0,
                    0,
                    0,
                    0,
                    0,
                    0,
                    0,
                    0,
                    0,
                    0,
                    0,
                    0,
                    0,
                    0,
                    0,
                    0,
                    0,
                    0,
                    0,
                    0,
                    0,
                    1,
                    0,
                    1,
                    1,
                    0,
                    1,
                    1,
                    0,
                    0,
                    0,
                    0,
                    0,
                    0,
                    1,
                    0,
                    0,
                    0,
                    1,
                    0,
                    0,
                    1,
                    1,
                    1,
                    0,
                    1,
                    0,
                    0,
                    0,
                    0,
                    1,
                    0,
                    0,
                    0,
                    1,
                    0,
                    0,
                    1,
                    1,
                    1,
                    0,
                    1,
                    0,
                    1,
                    0,
                    0,
                    0,
                    1,
                    0,
                    0,
                    0,
                    0,
                    1,
                    0,
                    0,
                    1,
                    0,
                    0,
                    0,
                    1,
                    0,
                    0,
                    1,
                    1,
                    0,
                    0,
                    0,
                    1,
                    0,
                    1,
                    0,
                    0,
                    0,
                    1,
                    0,
                    0,
                    0,
                    0,
                    1,
                    1,
                    0,
                    0,
                    1,
                    0,
                    1,
                    1,
                    1,
                    0,
                    1,
                    0,
                    1,
                    0,
                    1,
                    0,
                    1,
                    0,
                    1,
                    0,
                    1,
                    0,
                    0,
                    1,
                    0,
                    1,
                    1,
                    0,
                    1,
                    1,
                    1
                ]
            }
        }
    ],
    "test_operating_temperature_celsius": 25.0,
    "min_pH_when_testing": -1.0,
    "max_pH_when_testing": -1.0,
    "test_medium_electrolyte": [
        {
            "substance_name": "argon",
            "substance_type": "small molecule",
            "substance_descriptors": {
                "CID": 23968,
                "MolecularFormula": "Ar",
                "MolecularWeight": "39.9",
                "CanonicalSMILES": "[Ar]",
                "IsomericSMILES": "[Ar]",
                "InChI": "InChI=1S/Ar",
                "InChIKey": "XKRFYHLGVUSROY-UHFFFAOYSA-N",
                "IUPACName": "argon",
                "ExactMass": "39.96238312",
                "MonoisotopicMass": "39.96238312",
                "TPSA": 0,
                "Complexity": 0,
                "Charge": 0,
                "HBondDonorCount": 0,
                "HBondAcceptorCount": 0,
                "RotatableBondCount": 0,
                "HeavyAtomCount": 1,
                "IsotopeAtomCount": 0,
                "AtomStereoCount": 0,
                "DefinedAtomStereoCount": 0,
                "UndefinedAtomStereoCount": 0,
                "BondStereoCount": 0,
                "DefinedBondStereoCount": 0,
                "UndefinedBondStereoCount": 0,
                "CovalentUnitCount": 1,
                "ConformerCount3D": 0,
                "Morgan_128": [
                    0,
                    0,
                    0,
                    0,
                    0,
                    0,
                    0,
                    0,
                    0,
                    0,
                    0,
                    0,
                    0,
                    0,
                    0,
                    0,
                    0,
                    0,
                    0,
                    0,
                    0,
                    0,
                    0,
                    0,
                    0,
                    0,
                    0,
                    0,
                    0,
                    0,
                    0,
                    0,
                    0,
                    0,
                    0,
                    0,
                    0,
                    0,
                    0,
                    0,
                    0,
                    1,
                    0,
                    0,
                    0,
                    0,
                    0,
                    0,
                    0,
                    0,
                    0,
                    0,
                    0,
                    0,
                    0,
                    0,
                    0,
                    0,
                    0,
                    0,
                    0,
                    0,
                    0,
                    0,
                    0,
                    0,
                    0,
                    0,
                    0,
                    0,
                    0,
                    0,
                    0,
                    0,
                    0,
                    0,
                    0,
                    0,
                    0,
                    0,
                    0,
                    0,
                    0,
                    0,
                    0,
                    0,
                    0,
                    0,
                    0,
                    0,
                    0,
                    0,
                    0,
                    0,
                    0,
                    0,
                    0,
                    0,
                    0,
                    0,
                    0,
                    0,
                    0,
                    0,
                    0,
                    0,
                    0,
                    0,
                    0,
                    0,
                    0,
                    0,
                    0,
                    0,
                    0,
                    0,
                    0,
                    0,
                    0,
                    0,
                    0,
                    0,
                    0,
                    0,
                    0,
                    0,
                    0,
                    0
                ]
            }
        }
    ],
    "LDL_ranking": 1.0,
    "UDL_ranking": 1.0,
    "LDL_category": "Very High Detection (Low Sensitivity)",
    "UDL_category": "Moderate UDL Range"
}