{
    "DOI": "10.1002/adfm.201803145",
    "sensor_type": "gas",
    "detect_target": [
        {
            "substance_name": "ammonia",
            "substance_type": "small molecule",
            "substance_descriptors": {
                "CID": 222,
                "MolecularFormula": "H3N",
                "MolecularWeight": "17.031",
                "CanonicalSMILES": "N",
                "IsomericSMILES": "N",
                "InChI": "InChI=1S/H3N/h1H3",
                "InChIKey": "QGZKDVFQNNGYKY-UHFFFAOYSA-N",
                "IUPACName": "azane",
                "XLogP": -0.7,
                "ExactMass": "17.026549100",
                "MonoisotopicMass": "17.026549100",
                "TPSA": 1,
                "Complexity": 0,
                "Charge": 0,
                "HBondDonorCount": 1,
                "HBondAcceptorCount": 1,
                "RotatableBondCount": 0,
                "HeavyAtomCount": 1,
                "IsotopeAtomCount": 0,
                "AtomStereoCount": 0,
                "DefinedAtomStereoCount": 0,
                "UndefinedAtomStereoCount": 0,
                "BondStereoCount": 0,
                "DefinedBondStereoCount": 0,
                "UndefinedBondStereoCount": 0,
                "CovalentUnitCount": 1,
                "Volume3D": 15.6,
                "XStericQuadrupole3D": 0.51,
                "YStericQuadrupole3D": 0.51,
                "ZStericQuadrupole3D": 0.51,
                "FeatureAcceptorCount3D": 0,
                "FeatureDonorCount3D": 0,
                "FeatureAnionCount3D": 0,
                "FeatureCationCount3D": 1,
                "FeatureRingCount3D": 0,
                "FeatureHydrophobeCount3D": 0,
                "ConformerModelRMSD3D": 0.4,
                "EffectiveRotorCount3D": 0,
                "ConformerCount3D": 1,
                "Morgan_128": [
                    0,
                    0,
                    0,
                    0,
                    0,
                    0,
                    0,
                    0,
                    0,
                    0,
                    0,
                    0,
                    0,
                    0,
                    0,
                    0,
                    0,
                    0,
                    0,
                    0,
                    0,
                    0,
                    0,
                    0,
                    0,
                    0,
                    0,
                    0,
                    0,
                    0,
                    0,
                    0,
                    0,
                    0,
                    1,
                    0,
                    0,
                    0,
                    0,
                    0,
                    0,
                    0,
                    0,
                    0,
                    0,
                    0,
                    0,
                    0,
                    0,
                    0,
                    0,
                    0,
                    0,
                    0,
                    0,
                    0,
                    0,
                    0,
                    0,
                    0,
                    0,
                    0,
                    0,
                    0,
                    0,
                    0,
                    0,
                    0,
                    0,
                    0,
                    0,
                    0,
                    0,
                    0,
                    0,
                    0,
                    0,
                    0,
                    0,
                    0,
                    0,
                    0,
                    0,
                    0,
                    0,
                    0,
                    0,
                    0,
                    0,
                    0,
                    0,
                    0,
                    0,
                    0,
                    0,
                    0,
                    0,
                    0,
                    0,
                    0,
                    0,
                    0,
                    0,
                    0,
                    0,
                    0,
                    0,
                    0,
                    0,
                    0,
                    0,
                    0,
                    0,
                    0,
                    0,
                    0,
                    0,
                    0,
                    0,
                    0,
                    0,
                    0,
                    0,
                    0,
                    0,
                    0,
                    0,
                    0
                ]
            }
        }
    ],
    "lower_detection_limit_log_ppm": 0.0,
    "upper_detection_limit_log_ppm": 2.0,
    "probe_material": [
        {
            "substance_name": "poly(3-thiophene-isoindigo)",
            "substance_type": "polymer",
            "substance_descriptors": {
                "mol_weight": 1603.9519999999998,
                "exact_mol_weight": 1602.1517285599996,
                "num_h_donors": 8,
                "num_h_acceptors": 20,
                "logP": 22.24160000000004,
                "tpsa": 247.83999999999995,
                "num_rotatable_bonds": 15,
                "fraction_csp3": 0.0,
                "labute_asa": 662.0478295016725,
                "peoe_vsa": [
                    41.20306849981415,
                    38.356297472574575,
                    0.0,
                    11.336785877934735,
                    79.35750114554314,
                    103.12824016384741,
                    122.45344021742152,
                    123.34547174248829,
                    104.96830050896831,
                    0.0,
                    21.715161567602163,
                    0.0,
                    22.237067580208027,
                    0.0
                ],
                "peoe_vsa_summary": {
                    "vsa_sum": 668.1013347764024,
                    "vsa_mean": 47.72152391260017,
                    "vsa_std": 46.70651847754499
                },
                "smr_vsa": [
                    0.0,
                    0.0,
                    19.93591408378883,
                    0.0,
                    0.0,
                    21.267154416025324,
                    328.8602919198241,
                    0.0,
                    75.14310369177515,
                    222.89487066498896
                ],
                "smr_vsa_summary": {
                    "vsa_sum": 668.1013347764024,
                    "vsa_mean": 66.81013347764024,
                    "vsa_std": 109.40360788250868
                },
                "slogp_vsa": [
                    65.21938356383552,
                    19.93591408378883,
                    0.0,
                    0.0,
                    0.0,
                    284.90806277201386,
                    0.0,
                    161.8445971358177,
                    0.0,
                    45.4990901974685,
                    0.0,
                    90.69428702347787
                ],
                "slogp_vsa_summary": {
                    "vsa_sum": 668.1013347764023,
                    "vsa_mean": 55.675111231366856,
                    "vsa_std": 84.22009424584756
                },
                "kappa1": 68.39580978850391,
                "kappa2": 27.599634302448628,
                "kappa3": 11.600367731324338,
                "chi0": 57.780683953386,
                "chi1": 34.9262047770863,
                "chi0n": 57.780683953386,
                "chi1n": 34.9262047770863,
                "chi2n": 26.64369232158917,
                "chi0v": 64.3126566008078,
                "chi1v": 42.21605218843413,
                "chi2v": 33.33582275149162,
                "num_rings": 20,
                "num_aromatic_rings": 20,
                "num_aliphatic_rings": 0,
                "num_saturated_rings": 0,
                "num_heteroatoms": 24,
                "num_spiro_atoms": 0,
                "num_bridgehead_atoms": 0,
                "phi": 0.04775222720603505,
                "morgan_fp_128": [
                    1,
                    0,
                    1,
                    0,
                    0,
                    0,
                    0,
                    0,
                    1,
                    0,
                    1,
                    0,
                    0,
                    1,
                    1,
                    1,
                    0,
                    0,
                    0,
                    0,
                    0,
                    1,
                    0,
                    1,
                    0,
                    0,
                    0,
                    0,
                    1,
                    0,
                    0,
                    1,
                    1,
                    1,
                    0,
                    1,
                    0,
                    1,
                    0,
                    0,
                    1,
                    0,
                    1,
                    0,
                    0,
                    0,
                    0,
                    0,
                    0,
                    1,
                    0,
                    1,
                    0,
                    0,
                    1,
                    0,
                    0,
                    0,
                    1,
                    0,
                    0,
                    0,
                    1,
                    1,
                    1,
                    0,
                    0,
                    0,
                    0,
                    0,
                    0,
                    0,
                    1,
                    0,
                    0,
                    0,
                    0,
                    1,
                    0,
                    0,
                    0,
                    1,
                    1,
                    0,
                    0,
                    0,
                    1,
                    0,
                    1,
                    0,
                    1,
                    1,
                    0,
                    0,
                    0,
                    0,
                    1,
                    0,
                    1,
                    0,
                    1,
                    0,
                    0,
                    0,
                    0,
                    1,
                    1,
                    1,
                    0,
                    0,
                    1,
                    0,
                    0,
                    1,
                    0,
                    0,
                    1,
                    1,
                    1,
                    1,
                    0,
                    1,
                    1,
                    0,
                    0,
                    0,
                    0,
                    1
                ],
                "maccs_fp": [
                    0,
                    0,
                    0,
                    0,
                    0,
                    0,
                    0,
                    0,
                    0,
                    0,
                    0,
                    0,
                    0,
                    0,
                    0,
                    0,
                    0,
                    0,
                    0,
                    1,
                    0,
                    0,
                    0,
                    0,
                    0,
                    0,
                    0,
                    0,
                    0,
                    0,
                    0,
                    0,
                    0,
                    0,
                    0,
                    0,
                    1,
                    0,
                    0,
                    0,
                    0,
                    0,
                    0,
                    0,
                    0,
                    0,
                    0,
                    0,
                    0,
                    0,
                    0,
                    0,
                    0,
                    1,
                    0,
                    0,
                    0,
                    0,
                    0,
                    0,
                    0,
                    0,
                    1,
                    0,
                    0,
                    1,
                    0,
                    0,
                    0,
                    0,
                    0,
                    0,
                    0,
                    0,
                    0,
                    0,
                    0,
                    0,
                    0,
                    0,
                    1,
                    1,
                    0,
                    1,
                    0,
                    0,
                    0,
                    0,
                    1,
                    0,
                    0,
                    0,
                    1,
                    0,
                    0,
                    0,
                    1,
                    1,
                    0,
                    0,
                    0,
                    1,
                    0,
                    0,
                    0,
                    1,
                    0,
                    0,
                    0,
                    0,
                    1,
                    0,
                    0,
                    1,
                    0,
                    0,
                    0,
                    1,
                    0,
                    0,
                    1,
                    1,
                    0,
                    0,
                    0,
                    1,
                    0,
                    1,
                    0,
                    0,
                    0,
                    1,
                    0,
                    1,
                    0,
                    1,
                    1,
                    1,
                    0,
                    0,
                    1,
                    0,
                    1,
                    1,
                    1,
                    1,
                    1,
                    0,
                    0,
                    0,
                    1,
                    1,
                    1,
                    0,
                    1,
                    0,
                    1,
                    0,
                    1,
                    1,
                    0,
                    1,
                    1,
                    1,
                    1,
                    1,
                    0
                ]
            }
        }
    ],
    "test_operating_temperature_celsius": 25.0,
    "min_pH_when_testing": -1.0,
    "max_pH_when_testing": -1.0,
    "test_medium_electrolyte": [
        {
            "substance_name": "nitrogen",
            "substance_type": "small molecule",
            "substance_descriptors": {
                "CID": 947,
                "MolecularFormula": "N2",
                "MolecularWeight": "28.014",
                "CanonicalSMILES": "N#N",
                "IsomericSMILES": "N#N",
                "InChI": "InChI=1S/N2/c1-2",
                "InChIKey": "IJGRMHOSHXDMSA-UHFFFAOYSA-N",
                "IUPACName": "molecular nitrogen",
                "XLogP": 0.1,
                "ExactMass": "28.006148008",
                "MonoisotopicMass": "28.006148008",
                "TPSA": 47.6,
                "Complexity": 8,
                "Charge": 0,
                "HBondDonorCount": 0,
                "HBondAcceptorCount": 2,
                "RotatableBondCount": 0,
                "HeavyAtomCount": 2,
                "IsotopeAtomCount": 0,
                "AtomStereoCount": 0,
                "DefinedAtomStereoCount": 0,
                "UndefinedAtomStereoCount": 0,
                "BondStereoCount": 0,
                "DefinedBondStereoCount": 0,
                "UndefinedBondStereoCount": 0,
                "CovalentUnitCount": 1,
                "Volume3D": 23.1,
                "XStericQuadrupole3D": 0.82,
                "YStericQuadrupole3D": 0.51,
                "ZStericQuadrupole3D": 0.51,
                "FeatureAcceptorCount3D": 0,
                "FeatureDonorCount3D": 0,
                "FeatureAnionCount3D": 0,
                "FeatureCationCount3D": 0,
                "FeatureRingCount3D": 0,
                "FeatureHydrophobeCount3D": 0,
                "ConformerModelRMSD3D": 0.4,
                "EffectiveRotorCount3D": 0,
                "ConformerCount3D": 1,
                "Morgan_128": [
                    0,
                    0,
                    0,
                    0,
                    0,
                    0,
                    0,
                    0,
                    0,
                    0,
                    0,
                    0,
                    0,
                    0,
                    0,
                    0,
                    0,
                    0,
                    0,
                    0,
                    0,
                    0,
                    0,
                    0,
                    0,
                    0,
                    0,
                    0,
                    0,
                    0,
                    0,
                    0,
                    0,
                    0,
                    0,
                    0,
                    0,
                    0,
                    0,
                    0,
                    0,
                    0,
                    0,
                    0,
                    0,
                    0,
                    0,
                    0,
                    0,
                    0,
                    0,
                    0,
                    0,
                    0,
                    0,
                    0,
                    0,
                    0,
                    0,
                    0,
                    0,
                    0,
                    0,
                    0,
                    0,
                    0,
                    0,
                    0,
                    0,
                    0,
                    0,
                    0,
                    0,
                    0,
                    0,
                    0,
                    1,
                    0,
                    0,
                    0,
                    0,
                    0,
                    0,
                    0,
                    0,
                    0,
                    0,
                    0,
                    0,
                    0,
                    0,
                    0,
                    0,
                    0,
                    0,
                    0,
                    0,
                    0,
                    0,
                    0,
                    0,
                    0,
                    0,
                    0,
                    1,
                    0,
                    0,
                    0,
                    0,
                    0,
                    0,
                    0,
                    0,
                    0,
                    0,
                    0,
                    0,
                    0,
                    0,
                    0,
                    0,
                    0,
                    0,
                    0,
                    0,
                    0,
                    0,
                    0
                ]
            }
        }
    ],
    "LDL_ranking": 1.0,
    "UDL_ranking": 1.0,
    "LDL_category": "High Detection (Lower Sensitivity)",
    "UDL_category": "Moderate UDL Range"
}