{
    "DOI": "10.1002/adfm.201501587",
    "sensor_type": "liquid",
    "detect_target": [
        {
            "substance_name": "acetylcholine",
            "substance_type": "small molecule",
            "substance_descriptors": {
                "CID": 187,
                "MolecularFormula": "C7H16NO2+",
                "MolecularWeight": "146.21",
                "CanonicalSMILES": "CC(=O)OCC[N+](C)(C)C",
                "IsomericSMILES": "CC(=O)OCC[N+](C)(C)C",
                "InChI": "InChI=1S/C7H16NO2/c1-7(9)10-6-5-8(2,3)4/h5-6H2,1-4H3/q+1",
                "InChIKey": "OIPILFWXSMYKGL-UHFFFAOYSA-N",
                "IUPACName": "2-acetyloxyethyl(trimethyl)azanium",
                "XLogP": 0.2,
                "ExactMass": "146.118103753",
                "MonoisotopicMass": "146.118103753",
                "TPSA": 26.3,
                "Complexity": 115,
                "Charge": 1,
                "HBondDonorCount": 0,
                "HBondAcceptorCount": 2,
                "RotatableBondCount": 4,
                "HeavyAtomCount": 10,
                "IsotopeAtomCount": 0,
                "AtomStereoCount": 0,
                "DefinedAtomStereoCount": 0,
                "UndefinedAtomStereoCount": 0,
                "BondStereoCount": 0,
                "DefinedBondStereoCount": 0,
                "UndefinedBondStereoCount": 0,
                "CovalentUnitCount": 1,
                "Volume3D": 123.6,
                "XStericQuadrupole3D": 6.52,
                "YStericQuadrupole3D": 1.17,
                "ZStericQuadrupole3D": 0.92,
                "FeatureAcceptorCount3D": 1,
                "FeatureDonorCount3D": 0,
                "FeatureAnionCount3D": 0,
                "FeatureCationCount3D": 1,
                "FeatureRingCount3D": 0,
                "FeatureHydrophobeCount3D": 0,
                "ConformerModelRMSD3D": 0.6,
                "EffectiveRotorCount3D": 4,
                "ConformerCount3D": 10,
                "Morgan_128": [
                    0,
                    0,
                    0,
                    0,
                    0,
                    0,
                    0,
                    0,
                    0,
                    0,
                    1,
                    1,
                    0,
                    1,
                    0,
                    0,
                    0,
                    1,
                    0,
                    1,
                    0,
                    0,
                    0,
                    0,
                    0,
                    0,
                    0,
                    0,
                    0,
                    0,
                    1,
                    0,
                    0,
                    1,
                    0,
                    0,
                    0,
                    0,
                    0,
                    1,
                    0,
                    0,
                    0,
                    0,
                    1,
                    0,
                    0,
                    0,
                    0,
                    0,
                    0,
                    0,
                    0,
                    0,
                    0,
                    1,
                    1,
                    0,
                    0,
                    0,
                    0,
                    0,
                    0,
                    1,
                    0,
                    0,
                    0,
                    0,
                    0,
                    0,
                    0,
                    0,
                    0,
                    0,
                    0,
                    0,
                    0,
                    0,
                    1,
                    0,
                    1,
                    0,
                    0,
                    0,
                    0,
                    0,
                    0,
                    0,
                    0,
                    0,
                    0,
                    0,
                    0,
                    0,
                    0,
                    0,
                    0,
                    0,
                    0,
                    0,
                    0,
                    0,
                    0,
                    0,
                    0,
                    0,
                    0,
                    0,
                    0,
                    0,
                    0,
                    0,
                    0,
                    0,
                    0,
                    0,
                    1,
                    0,
                    0,
                    0,
                    0,
                    1,
                    0,
                    0,
                    0,
                    1,
                    0,
                    0
                ]
            }
        }
    ],
    "lower_detection_limit_log_ppm": -6.835030646,
    "upper_detection_limit_log_ppm": 4.164969354,
    "probe_material": [
        {
            "substance_name": "perhydroxycucurbit[6]uril",
            "substance_type": "small molecule",
            "substance_descriptors": {
                "CID": 25137939,
                "MolecularFormula": "C36H36N24O24",
                "MolecularWeight": "1188.8",
                "CanonicalSMILES": "C1N2C(=O)N3CN4C(=O)N5CN6C(=O)N7CN8C(=O)N9CN%10C(=O)N%11CN%12C(=O)N1C1(C%12(N%12CN%13C%11(C%10(N(C%13=O)CN%10C9(C8(N(C%10=O)CN8C7(C6(N(C8=O)CN6C5(C4(N(C6=O)CN4C3(C2(N(C4=O)CN1C%12=O)O)O)O)O)O)O)O)O)O)O)O)O",
                "IsomericSMILES": "C1N2C(=O)N3CN4C(=O)N5CN6C(=O)N7CN8C(=O)N9CN%10C(=O)N%11CN%12C(=O)N1C1(C%12(N%12CN%13C%11(C%10(N(C%13=O)CN%10C9(C8(N(C%10=O)CN8C7(C6(N(C8=O)CN6C5(C4(N(C6=O)CN4C3(C2(N(C4=O)CN1C%12=O)O)O)O)O)O)O)O)O)O)O)O)O",
                "InChI": "InChI=1S/C36H36N24O24/c61-13-37-1-38-14(62)40-3-46-18(66)50-8-54-22(70)58-11-57-21(69)53-7-49-17(65)45-2-39(13)27(75)25(37,73)41-4-42-16(64)44(28(40,76)26(38,42)74)6-48-20(68)52(32(50,80)30(46,48)78)10-56-24(72)60(36(58,84)34(54,56)82)12-59-23(71)55(33(53,81)35(57,59)83)9-51-19(67)47(5-43(27)15(41)63)29(45,77)31(49,51)79/h73-84H,1-12H2",
                "InChIKey": "KPGXAHGJVOABRF-UHFFFAOYSA-N",
                "XLogP": -16.1,
                "ExactMass": "1188.23342811",
                "MonoisotopicMass": "1188.23342811",
                "TPSA": 525,
                "Complexity": 2670,
                "Charge": 0,
                "HBondDonorCount": 12,
                "HBondAcceptorCount": 24,
                "RotatableBondCount": 0,
                "HeavyAtomCount": 84,
                "IsotopeAtomCount": 0,
                "AtomStereoCount": 0,
                "DefinedAtomStereoCount": 0,
                "UndefinedAtomStereoCount": 0,
                "BondStereoCount": 0,
                "DefinedBondStereoCount": 0,
                "UndefinedBondStereoCount": 0,
                "CovalentUnitCount": 1,
                "ConformerCount3D": 0,
                "Morgan_128": [
                    0,
                    0,
                    1,
                    0,
                    0,
                    0,
                    0,
                    0,
                    0,
                    0,
                    1,
                    0,
                    0,
                    0,
                    0,
                    0,
                    0,
                    0,
                    0,
                    0,
                    0,
                    0,
                    0,
                    0,
                    0,
                    0,
                    0,
                    0,
                    0,
                    0,
                    1,
                    0,
                    0,
                    1,
                    0,
                    0,
                    1,
                    0,
                    0,
                    1,
                    0,
                    0,
                    0,
                    1,
                    0,
                    0,
                    0,
                    0,
                    0,
                    0,
                    0,
                    0,
                    0,
                    0,
                    0,
                    1,
                    0,
                    0,
                    1,
                    0,
                    0,
                    0,
                    0,
                    0,
                    0,
                    0,
                    1,
                    0,
                    0,
                    0,
                    0,
                    1,
                    1,
                    0,
                    0,
                    0,
                    0,
                    0,
                    0,
                    0,
                    0,
                    0,
                    0,
                    0,
                    0,
                    0,
                    0,
                    0,
                    0,
                    0,
                    0,
                    0,
                    1,
                    0,
                    0,
                    0,
                    0,
                    0,
                    0,
                    0,
                    1,
                    0,
                    0,
                    0,
                    0,
                    0,
                    0,
                    0,
                    0,
                    0,
                    0,
                    0,
                    0,
                    0,
                    0,
                    0,
                    0,
                    0,
                    0,
                    0,
                    0,
                    0,
                    0,
                    0,
                    0,
                    0,
                    1,
                    0
                ]
            }
        }
    ],
    "test_operating_temperature_celsius": 25.0,
    "min_pH_when_testing": 7.0,
    "max_pH_when_testing": 7.0,
    "test_medium_electrolyte": [
        {
            "substance_name": "water",
            "substance_type": "small molecule",
            "substance_descriptors": {
                "CID": 962,
                "MolecularFormula": "H2O",
                "MolecularWeight": "18.015",
                "CanonicalSMILES": "O",
                "IsomericSMILES": "O",
                "InChI": "InChI=1S/H2O/h1H2",
                "InChIKey": "XLYOFNOQVPJJNP-UHFFFAOYSA-N",
                "IUPACName": "oxidane",
                "XLogP": -0.5,
                "ExactMass": "18.010564683",
                "MonoisotopicMass": "18.010564683",
                "TPSA": 1,
                "Complexity": 0,
                "Charge": 0,
                "HBondDonorCount": 1,
                "HBondAcceptorCount": 1,
                "RotatableBondCount": 0,
                "HeavyAtomCount": 1,
                "IsotopeAtomCount": 0,
                "AtomStereoCount": 0,
                "DefinedAtomStereoCount": 0,
                "UndefinedAtomStereoCount": 0,
                "BondStereoCount": 0,
                "DefinedBondStereoCount": 0,
                "UndefinedBondStereoCount": 0,
                "CovalentUnitCount": 1,
                "Volume3D": 14.7,
                "XStericQuadrupole3D": 0.49,
                "YStericQuadrupole3D": 0.49,
                "ZStericQuadrupole3D": 0.49,
                "FeatureAcceptorCount3D": 1,
                "FeatureDonorCount3D": 1,
                "FeatureAnionCount3D": 0,
                "FeatureCationCount3D": 0,
                "FeatureRingCount3D": 0,
                "FeatureHydrophobeCount3D": 0,
                "ConformerModelRMSD3D": 0.4,
                "EffectiveRotorCount3D": 0,
                "ConformerCount3D": 1,
                "Morgan_128": [
                    0,
                    0,
                    0,
                    0,
                    0,
                    0,
                    0,
                    0,
                    0,
                    0,
                    0,
                    0,
                    0,
                    0,
                    0,
                    0,
                    0,
                    0,
                    0,
                    0,
                    0,
                    0,
                    1,
                    0,
                    0,
                    0,
                    0,
                    0,
                    0,
                    0,
                    0,
                    0,
                    0,
                    0,
                    0,
                    0,
                    0,
                    0,
                    0,
                    0,
                    0,
                    0,
                    0,
                    0,
                    0,
                    0,
                    0,
                    0,
                    0,
                    0,
                    0,
                    0,
                    0,
                    0,
                    0,
                    0,
                    0,
                    0,
                    0,
                    0,
                    0,
                    0,
                    0,
                    0,
                    0,
                    0,
                    0,
                    0,
                    0,
                    0,
                    0,
                    0,
                    0,
                    0,
                    0,
                    0,
                    0,
                    0,
                    0,
                    0,
                    0,
                    0,
                    0,
                    0,
                    0,
                    0,
                    0,
                    0,
                    0,
                    0,
                    0,
                    0,
                    0,
                    0,
                    0,
                    0,
                    0,
                    0,
                    0,
                    0,
                    0,
                    0,
                    0,
                    0,
                    0,
                    0,
                    0,
                    0,
                    0,
                    0,
                    0,
                    0,
                    0,
                    0,
                    0,
                    0,
                    0,
                    0,
                    0,
                    0,
                    0,
                    0,
                    0,
                    0,
                    0,
                    0,
                    0,
                    0
                ]
            }
        }
    ],
    "LDL_ranking": 1.0,
    "UDL_ranking": 1.0,
    "LDL_category": "Very Low Detection (High Sensitivity)",
    "UDL_category": "High UDL Range"
}