{
    "DOI": "10.1002/adfm.200901830",
    "sensor_type": "liquid",
    "detect_target": [
        {
            "substance_name": "h+",
            "substance_type": "small molecule",
            "substance_descriptors": {
                "CID": 1038,
                "MolecularFormula": "H+",
                "MolecularWeight": "1.0080",
                "CanonicalSMILES": "[H+]",
                "IsomericSMILES": "[H+]",
                "InChI": "InChI=1S/p+1",
                "InChIKey": "GPRLSGONYQIRFK-UHFFFAOYSA-N",
                "IUPACName": "hydron",
                "XLogP": 0,
                "ExactMass": "1.0078250319",
                "MonoisotopicMass": "1.0078250319",
                "TPSA": 0,
                "Complexity": 0,
                "Charge": 1,
                "HBondDonorCount": 1,
                "HBondAcceptorCount": 0,
                "RotatableBondCount": 0,
                "HeavyAtomCount": 0,
                "IsotopeAtomCount": 0,
                "AtomStereoCount": 0,
                "DefinedAtomStereoCount": 0,
                "UndefinedAtomStereoCount": 0,
                "BondStereoCount": 0,
                "DefinedBondStereoCount": 0,
                "UndefinedBondStereoCount": 0,
                "CovalentUnitCount": 1,
                "ConformerCount3D": 0,
                "Morgan_128": [
                    0,
                    0,
                    0,
                    0,
                    0,
                    0,
                    0,
                    0,
                    0,
                    0,
                    0,
                    0,
                    0,
                    0,
                    0,
                    0,
                    0,
                    0,
                    0,
                    0,
                    0,
                    0,
                    0,
                    0,
                    0,
                    0,
                    0,
                    0,
                    0,
                    0,
                    0,
                    0,
                    0,
                    0,
                    0,
                    0,
                    0,
                    0,
                    0,
                    0,
                    1,
                    0,
                    0,
                    0,
                    0,
                    0,
                    0,
                    0,
                    0,
                    0,
                    0,
                    0,
                    0,
                    0,
                    0,
                    0,
                    0,
                    0,
                    0,
                    0,
                    0,
                    0,
                    0,
                    0,
                    0,
                    0,
                    0,
                    0,
                    0,
                    0,
                    0,
                    0,
                    0,
                    0,
                    0,
                    0,
                    0,
                    0,
                    0,
                    0,
                    0,
                    0,
                    0,
                    0,
                    0,
                    0,
                    0,
                    0,
                    0,
                    0,
                    0,
                    0,
                    0,
                    0,
                    0,
                    0,
                    0,
                    0,
                    0,
                    0,
                    0,
                    0,
                    0,
                    0,
                    0,
                    0,
                    0,
                    0,
                    0,
                    0,
                    0,
                    0,
                    0,
                    0,
                    0,
                    0,
                    0,
                    0,
                    0,
                    0,
                    0,
                    0,
                    0,
                    0,
                    0,
                    0,
                    0,
                    0
                ]
            }
        }
    ],
    "lower_detection_limit_log_ppm": -10.0,
    "upper_detection_limit_log_ppm": -2.0,
    "probe_material": [
        {
            "substance_name": "polyisobutylmethacrylate",
            "substance_type": "polymer",
            "substance_descriptors": {
                "mol_weight": 1131.535999999999,
                "exact_mol_weight": 1130.748087312,
                "num_h_donors": 0,
                "num_h_acceptors": 16,
                "logP": 13.931999999999977,
                "tpsa": 210.39999999999998,
                "num_rotatable_bonds": 34,
                "fraction_csp3": 0.625,
                "labute_asa": 482.4376432278636,
                "peoe_vsa": [
                    37.89490363040039,
                    0.0,
                    38.356297472574575,
                    0.0,
                    0.0,
                    119.85719515863575,
                    143.26973801143066,
                    44.58483624055413,
                    52.85505571610334,
                    0.0,
                    0.0,
                    0.0,
                    0.0,
                    47.75444230361479
                ],
                "peoe_vsa_summary": {
                    "vsa_sum": 484.5724685333136,
                    "vsa_mean": 34.61231918095097,
                    "vsa_std": 44.792353212210195
                },
                "smr_vsa": [
                    76.25120110297496,
                    0.0,
                    0.0,
                    23.671624184645573,
                    188.3325702469268,
                    52.85505571610334,
                    95.70757497904829,
                    0.0,
                    0.0,
                    47.75444230361479
                ],
                "smr_vsa_summary": {
                    "vsa_sum": 484.5724685333137,
                    "vsa_mean": 48.45724685333137,
                    "vsa_std": 57.093593628185566
                },
                "slogp_vsa": [
                    0.0,
                    100.60949801971815,
                    76.25120110297496,
                    23.671624184645573,
                    188.3325702469268,
                    95.70757497904829,
                    0.0,
                    0.0,
                    0.0,
                    0.0,
                    0.0,
                    0.0
                ],
                "slogp_vsa_summary": {
                    "vsa_sum": 484.5724685333137,
                    "vsa_mean": 40.381039044442815,
                    "vsa_std": 58.84897316113729
                },
                "kappa1": 82.51233579447567,
                "kappa2": 53.32950699925785,
                "kappa3": 59.343429995089316,
                "chi0": 52.543987280226276,
                "chi1": 27.892826725170792,
                "chi0n": 52.543987280226276,
                "chi1n": 27.892826725170792,
                "chi2n": 20.91687112372451,
                "chi0v": 52.543987280226276,
                "chi1v": 27.892826725170792,
                "chi2v": 20.91687112372451,
                "num_rings": 0,
                "num_aromatic_rings": 0,
                "num_aliphatic_rings": 0,
                "num_saturated_rings": 0,
                "num_heteroatoms": 16,
                "num_spiro_atoms": 0,
                "num_bridgehead_atoms": 0,
                "phi": 0.025373401149295115,
                "morgan_fp_128": [
                    0,
                    1,
                    0,
                    0,
                    0,
                    0,
                    0,
                    0,
                    0,
                    0,
                    1,
                    0,
                    0,
                    1,
                    0,
                    1,
                    0,
                    1,
                    0,
                    1,
                    0,
                    0,
                    0,
                    0,
                    0,
                    0,
                    1,
                    1,
                    1,
                    0,
                    0,
                    0,
                    1,
                    1,
                    0,
                    0,
                    0,
                    0,
                    1,
                    1,
                    0,
                    0,
                    0,
                    1,
                    0,
                    0,
                    0,
                    0,
                    0,
                    0,
                    0,
                    0,
                    0,
                    0,
                    1,
                    1,
                    1,
                    0,
                    0,
                    0,
                    0,
                    0,
                    0,
                    0,
                    0,
                    0,
                    0,
                    0,
                    1,
                    0,
                    1,
                    0,
                    0,
                    1,
                    1,
                    0,
                    0,
                    0,
                    1,
                    1,
                    1,
                    1,
                    0,
                    0,
                    0,
                    0,
                    1,
                    0,
                    1,
                    0,
                    0,
                    0,
                    0,
                    0,
                    0,
                    1,
                    0,
                    1,
                    0,
                    0,
                    0,
                    0,
                    0,
                    0,
                    0,
                    0,
                    0,
                    0,
                    0,
                    0,
                    0,
                    0,
                    0,
                    1,
                    0,
                    0,
                    0,
                    0,
                    1,
                    1,
                    0,
                    1,
                    0,
                    0,
                    0,
                    1,
                    1,
                    0
                ],
                "maccs_fp": [
                    0,
                    0,
                    0,
                    0,
                    0,
                    0,
                    0,
                    0,
                    0,
                    0,
                    0,
                    0,
                    0,
                    0,
                    0,
                    0,
                    0,
                    0,
                    0,
                    0,
                    0,
                    0,
                    0,
                    0,
                    0,
                    0,
                    0,
                    0,
                    0,
                    0,
                    0,
                    0,
                    0,
                    0,
                    1,
                    0,
                    0,
                    0,
                    0,
                    0,
                    0,
                    0,
                    0,
                    0,
                    0,
                    0,
                    0,
                    0,
                    0,
                    0,
                    1,
                    0,
                    0,
                    0,
                    0,
                    0,
                    0,
                    0,
                    0,
                    0,
                    0,
                    0,
                    0,
                    0,
                    0,
                    0,
                    0,
                    0,
                    0,
                    0,
                    0,
                    0,
                    0,
                    0,
                    1,
                    0,
                    1,
                    0,
                    0,
                    0,
                    0,
                    0,
                    0,
                    0,
                    0,
                    0,
                    0,
                    0,
                    0,
                    0,
                    0,
                    0,
                    0,
                    0,
                    0,
                    0,
                    0,
                    0,
                    0,
                    1,
                    0,
                    0,
                    0,
                    0,
                    0,
                    0,
                    0,
                    0,
                    1,
                    1,
                    0,
                    0,
                    0,
                    0,
                    1,
                    1,
                    1,
                    0,
                    1,
                    0,
                    0,
                    0,
                    0,
                    1,
                    0,
                    0,
                    1,
                    0,
                    0,
                    1,
                    0,
                    0,
                    1,
                    0,
                    0,
                    0,
                    1,
                    0,
                    1,
                    0,
                    1,
                    1,
                    0,
                    0,
                    0,
                    0,
                    1,
                    1,
                    0,
                    1,
                    0,
                    0,
                    0,
                    1,
                    1,
                    1,
                    0,
                    1,
                    0,
                    1,
                    1,
                    0,
                    0,
                    0,
                    1,
                    0,
                    1
                ]
            }
        }
    ],
    "test_operating_temperature_celsius": 27.5,
    "min_pH_when_testing": 5.0,
    "max_pH_when_testing": 13.0,
    "test_medium_electrolyte": [
        {
            "substance_name": "water",
            "substance_type": "small molecule",
            "substance_descriptors": {
                "CID": 962,
                "MolecularFormula": "H2O",
                "MolecularWeight": "18.015",
                "CanonicalSMILES": "O",
                "IsomericSMILES": "O",
                "InChI": "InChI=1S/H2O/h1H2",
                "InChIKey": "XLYOFNOQVPJJNP-UHFFFAOYSA-N",
                "IUPACName": "oxidane",
                "XLogP": -0.5,
                "ExactMass": "18.010564683",
                "MonoisotopicMass": "18.010564683",
                "TPSA": 1,
                "Complexity": 0,
                "Charge": 0,
                "HBondDonorCount": 1,
                "HBondAcceptorCount": 1,
                "RotatableBondCount": 0,
                "HeavyAtomCount": 1,
                "IsotopeAtomCount": 0,
                "AtomStereoCount": 0,
                "DefinedAtomStereoCount": 0,
                "UndefinedAtomStereoCount": 0,
                "BondStereoCount": 0,
                "DefinedBondStereoCount": 0,
                "UndefinedBondStereoCount": 0,
                "CovalentUnitCount": 1,
                "Volume3D": 14.7,
                "XStericQuadrupole3D": 0.49,
                "YStericQuadrupole3D": 0.49,
                "ZStericQuadrupole3D": 0.49,
                "FeatureAcceptorCount3D": 1,
                "FeatureDonorCount3D": 1,
                "FeatureAnionCount3D": 0,
                "FeatureCationCount3D": 0,
                "FeatureRingCount3D": 0,
                "FeatureHydrophobeCount3D": 0,
                "ConformerModelRMSD3D": 0.4,
                "EffectiveRotorCount3D": 0,
                "ConformerCount3D": 1,
                "Morgan_128": [
                    0,
                    0,
                    0,
                    0,
                    0,
                    0,
                    0,
                    0,
                    0,
                    0,
                    0,
                    0,
                    0,
                    0,
                    0,
                    0,
                    0,
                    0,
                    0,
                    0,
                    0,
                    0,
                    1,
                    0,
                    0,
                    0,
                    0,
                    0,
                    0,
                    0,
                    0,
                    0,
                    0,
                    0,
                    0,
                    0,
                    0,
                    0,
                    0,
                    0,
                    0,
                    0,
                    0,
                    0,
                    0,
                    0,
                    0,
                    0,
                    0,
                    0,
                    0,
                    0,
                    0,
                    0,
                    0,
                    0,
                    0,
                    0,
                    0,
                    0,
                    0,
                    0,
                    0,
                    0,
                    0,
                    0,
                    0,
                    0,
                    0,
                    0,
                    0,
                    0,
                    0,
                    0,
                    0,
                    0,
                    0,
                    0,
                    0,
                    0,
                    0,
                    0,
                    0,
                    0,
                    0,
                    0,
                    0,
                    0,
                    0,
                    0,
                    0,
                    0,
                    0,
                    0,
                    0,
                    0,
                    0,
                    0,
                    0,
                    0,
                    0,
                    0,
                    0,
                    0,
                    0,
                    0,
                    0,
                    0,
                    0,
                    0,
                    0,
                    0,
                    0,
                    0,
                    0,
                    0,
                    0,
                    0,
                    0,
                    0,
                    0,
                    0,
                    0,
                    0,
                    0,
                    0,
                    0,
                    0
                ]
            }
        }
    ],
    "LDL_ranking": 1.0,
    "UDL_ranking": 1.0,
    "LDL_category": "Very Low Detection (High Sensitivity)",
    "UDL_category": "Low UDL Range"
}