{
    "DOI": "10.1002/adfm.201808188",
    "sensor_type": "gas",
    "detect_target": [
        {
            "substance_name": "xylene",
            "substance_type": "small molecule",
            "substance_descriptors": {
                "CID": 7237,
                "MolecularFormula": "C8H10",
                "MolecularWeight": "106.16",
                "CanonicalSMILES": "CC1=CC=CC=C1C",
                "IsomericSMILES": "CC1=CC=CC=C1C",
                "InChI": "InChI=1S/C8H10/c1-7-5-3-4-6-8(7)2/h3-6H,1-2H3",
                "InChIKey": "CTQNGGLPUBDAKN-UHFFFAOYSA-N",
                "IUPACName": "1,2-xylene",
                "XLogP": 3.1,
                "ExactMass": "106.078250319",
                "MonoisotopicMass": "106.078250319",
                "TPSA": 0,
                "Complexity": 56,
                "Charge": 0,
                "HBondDonorCount": 0,
                "HBondAcceptorCount": 0,
                "RotatableBondCount": 0,
                "HeavyAtomCount": 8,
                "IsotopeAtomCount": 0,
                "AtomStereoCount": 0,
                "DefinedAtomStereoCount": 0,
                "UndefinedAtomStereoCount": 0,
                "BondStereoCount": 0,
                "DefinedBondStereoCount": 0,
                "UndefinedBondStereoCount": 0,
                "CovalentUnitCount": 1,
                "Volume3D": 92.4,
                "XStericQuadrupole3D": 2.51,
                "YStericQuadrupole3D": 1.88,
                "ZStericQuadrupole3D": 0.62,
                "FeatureAcceptorCount3D": 0,
                "FeatureDonorCount3D": 0,
                "FeatureAnionCount3D": 0,
                "FeatureCationCount3D": 0,
                "FeatureRingCount3D": 1,
                "FeatureHydrophobeCount3D": 0,
                "ConformerModelRMSD3D": 0.4,
                "EffectiveRotorCount3D": 0,
                "ConformerCount3D": 1,
                "Morgan_128": [
                    0,
                    0,
                    0,
                    0,
                    0,
                    0,
                    0,
                    0,
                    0,
                    0,
                    0,
                    0,
                    0,
                    0,
                    0,
                    0,
                    0,
                    0,
                    0,
                    0,
                    0,
                    0,
                    0,
                    0,
                    0,
                    0,
                    0,
                    0,
                    0,
                    0,
                    0,
                    0,
                    0,
                    1,
                    0,
                    0,
                    0,
                    0,
                    0,
                    0,
                    0,
                    0,
                    0,
                    0,
                    0,
                    0,
                    0,
                    1,
                    0,
                    0,
                    0,
                    0,
                    0,
                    0,
                    0,
                    0,
                    0,
                    0,
                    1,
                    0,
                    0,
                    0,
                    0,
                    0,
                    1,
                    0,
                    0,
                    0,
                    0,
                    0,
                    0,
                    0,
                    0,
                    0,
                    0,
                    0,
                    0,
                    0,
                    0,
                    1,
                    0,
                    1,
                    0,
                    0,
                    0,
                    0,
                    1,
                    0,
                    0,
                    0,
                    0,
                    0,
                    0,
                    0,
                    0,
                    0,
                    0,
                    0,
                    0,
                    0,
                    1,
                    0,
                    0,
                    0,
                    0,
                    0,
                    0,
                    0,
                    0,
                    0,
                    0,
                    1,
                    0,
                    0,
                    0,
                    0,
                    0,
                    0,
                    0,
                    1,
                    0,
                    0,
                    0,
                    0,
                    0,
                    0,
                    0,
                    0
                ]
            }
        }
    ],
    "lower_detection_limit_log_ppm": 1.0,
    "upper_detection_limit_log_ppm": 2.505149978,
    "probe_material": [
        {
            "substance_name": "cyclopentadithiophene benzothiadiazole copolymer",
            "substance_type": "polymer",
            "substance_descriptors": {
                "mol_weight": 1257.8399999999997,
                "exact_mol_weight": 1256.0024452799998,
                "num_h_donors": 3,
                "num_h_acceptors": 17,
                "logP": 22.928100000000036,
                "tpsa": 99.94,
                "num_rotatable_bonds": 3,
                "fraction_csp3": 0.06666666666666667,
                "labute_asa": 504.5154140952209,
                "peoe_vsa": [
                    0.0,
                    0.0,
                    0.0,
                    0.0,
                    124.69438836689255,
                    86.26223611974113,
                    196.1424738042557,
                    60.12444959908973,
                    37.51189283046631,
                    5.516700717616262,
                    0.0,
                    0.0,
                    0.0,
                    0.0
                ],
                "peoe_vsa_summary": {
                    "vsa_sum": 510.25214143806176,
                    "vsa_mean": 36.44658153129013,
                    "vsa_std": 58.50354882783515
                },
                "smr_vsa": [
                    0.0,
                    0.0,
                    9.586925077071317,
                    28.901419535113654,
                    36.85708613942586,
                    0.0,
                    233.14092374038188,
                    0.0,
                    39.01717754961039,
                    162.74860939645856
                ],
                "smr_vsa_summary": {
                    "vsa_sum": 510.25214143806164,
                    "vsa_mean": 51.02521414380617,
                    "vsa_std": 76.55982074495194
                },
                "slogp_vsa": [
                    0.0,
                    9.586925077071317,
                    6.4208216229260096,
                    0.0,
                    60.257426023522484,
                    232.2211817684729,
                    0.0,
                    49.23379818369575,
                    0.0,
                    17.062158824050687,
                    0.0,
                    135.4698299383225
                ],
                "slogp_vsa_summary": {
                    "vsa_sum": 510.25214143806164,
                    "vsa_mean": 42.521011786505134,
                    "vsa_std": 68.95740979422489
                },
                "kappa1": 49.92259145623165,
                "kappa2": 21.1595119961981,
                "kappa3": 8.511699230776358,
                "chi0": 41.50795036749773,
                "chi1": 25.369780238516984,
                "chi0n": 41.50795036749773,
                "chi1n": 25.369780238516984,
                "chi2n": 18.97355243737572,
                "chi0v": 51.539701168846996,
                "chi1v": 37.271233515672954,
                "chi2v": 32.686864675549465,
                "num_rings": 20,
                "num_aromatic_rings": 13,
                "num_aliphatic_rings": 7,
                "num_saturated_rings": 0,
                "num_heteroatoms": 20,
                "num_spiro_atoms": 0,
                "num_bridgehead_atoms": 0,
                "phi": 0.15357981706044946,
                "morgan_fp_128": [
                    0,
                    1,
                    1,
                    1,
                    1,
                    0,
                    0,
                    0,
                    0,
                    0,
                    0,
                    0,
                    1,
                    0,
                    1,
                    1,
                    0,
                    0,
                    0,
                    0,
                    0,
                    1,
                    0,
                    0,
                    0,
                    0,
                    0,
                    0,
                    1,
                    0,
                    1,
                    1,
                    0,
                    1,
                    1,
                    1,
                    0,
                    0,
                    0,
                    0,
                    1,
                    1,
                    1,
                    0,
                    0,
                    0,
                    1,
                    1,
                    1,
                    0,
                    0,
                    0,
                    0,
                    0,
                    0,
                    0,
                    1,
                    0,
                    0,
                    0,
                    0,
                    1,
                    1,
                    0,
                    1,
                    0,
                    0,
                    1,
                    0,
                    0,
                    0,
                    0,
                    1,
                    1,
                    1,
                    0,
                    1,
                    1,
                    0,
                    1,
                    0,
                    1,
                    0,
                    0,
                    1,
                    0,
                    1,
                    0,
                    0,
                    0,
                    1,
                    1,
                    0,
                    0,
                    1,
                    0,
                    1,
                    0,
                    1,
                    0,
                    1,
                    0,
                    0,
                    0,
                    0,
                    0,
                    1,
                    0,
                    0,
                    0,
                    0,
                    0,
                    0,
                    0,
                    0,
                    0,
                    0,
                    1,
                    1,
                    0,
                    0,
                    0,
                    1,
                    1,
                    0,
                    0,
                    0,
                    1
                ],
                "maccs_fp": [
                    0,
                    0,
                    0,
                    0,
                    0,
                    0,
                    0,
                    0,
                    0,
                    0,
                    0,
                    0,
                    0,
                    0,
                    0,
                    0,
                    0,
                    0,
                    0,
                    0,
                    0,
                    0,
                    0,
                    0,
                    0,
                    0,
                    0,
                    0,
                    0,
                    0,
                    0,
                    0,
                    1,
                    1,
                    0,
                    0,
                    1,
                    0,
                    0,
                    0,
                    0,
                    0,
                    0,
                    0,
                    0,
                    0,
                    0,
                    1,
                    0,
                    0,
                    0,
                    0,
                    1,
                    0,
                    0,
                    0,
                    0,
                    0,
                    0,
                    1,
                    0,
                    1,
                    1,
                    0,
                    1,
                    1,
                    0,
                    1,
                    0,
                    1,
                    1,
                    0,
                    0,
                    0,
                    0,
                    0,
                    0,
                    0,
                    0,
                    0,
                    1,
                    1,
                    0,
                    1,
                    0,
                    0,
                    0,
                    0,
                    1,
                    0,
                    0,
                    0,
                    0,
                    0,
                    1,
                    0,
                    1,
                    0,
                    0,
                    0,
                    0,
                    1,
                    0,
                    0,
                    0,
                    1,
                    0,
                    0,
                    0,
                    0,
                    0,
                    0,
                    0,
                    0,
                    0,
                    0,
                    0,
                    0,
                    0,
                    1,
                    1,
                    1,
                    0,
                    0,
                    1,
                    1,
                    0,
                    0,
                    0,
                    0,
                    1,
                    1,
                    0,
                    0,
                    0,
                    1,
                    0,
                    1,
                    0,
                    0,
                    0,
                    0,
                    1,
                    0,
                    1,
                    1,
                    0,
                    0,
                    1,
                    0,
                    0,
                    0,
                    0,
                    0,
                    0,
                    0,
                    1,
                    0,
                    1,
                    0,
                    0,
                    1,
                    1,
                    1,
                    0,
                    1,
                    1
                ]
            }
        }
    ],
    "test_operating_temperature_celsius": 23.75,
    "min_pH_when_testing": -1.0,
    "max_pH_when_testing": -1.0,
    "test_medium_electrolyte": [
        {
            "substance_name": "nitrogen",
            "substance_type": "small molecule",
            "substance_descriptors": {
                "CID": 947,
                "MolecularFormula": "N2",
                "MolecularWeight": "28.014",
                "CanonicalSMILES": "N#N",
                "IsomericSMILES": "N#N",
                "InChI": "InChI=1S/N2/c1-2",
                "InChIKey": "IJGRMHOSHXDMSA-UHFFFAOYSA-N",
                "IUPACName": "molecular nitrogen",
                "XLogP": 0.1,
                "ExactMass": "28.006148008",
                "MonoisotopicMass": "28.006148008",
                "TPSA": 47.6,
                "Complexity": 8,
                "Charge": 0,
                "HBondDonorCount": 0,
                "HBondAcceptorCount": 2,
                "RotatableBondCount": 0,
                "HeavyAtomCount": 2,
                "IsotopeAtomCount": 0,
                "AtomStereoCount": 0,
                "DefinedAtomStereoCount": 0,
                "UndefinedAtomStereoCount": 0,
                "BondStereoCount": 0,
                "DefinedBondStereoCount": 0,
                "UndefinedBondStereoCount": 0,
                "CovalentUnitCount": 1,
                "Volume3D": 23.1,
                "XStericQuadrupole3D": 0.82,
                "YStericQuadrupole3D": 0.51,
                "ZStericQuadrupole3D": 0.51,
                "FeatureAcceptorCount3D": 0,
                "FeatureDonorCount3D": 0,
                "FeatureAnionCount3D": 0,
                "FeatureCationCount3D": 0,
                "FeatureRingCount3D": 0,
                "FeatureHydrophobeCount3D": 0,
                "ConformerModelRMSD3D": 0.4,
                "EffectiveRotorCount3D": 0,
                "ConformerCount3D": 1,
                "Morgan_128": [
                    0,
                    0,
                    0,
                    0,
                    0,
                    0,
                    0,
                    0,
                    0,
                    0,
                    0,
                    0,
                    0,
                    0,
                    0,
                    0,
                    0,
                    0,
                    0,
                    0,
                    0,
                    0,
                    0,
                    0,
                    0,
                    0,
                    0,
                    0,
                    0,
                    0,
                    0,
                    0,
                    0,
                    0,
                    0,
                    0,
                    0,
                    0,
                    0,
                    0,
                    0,
                    0,
                    0,
                    0,
                    0,
                    0,
                    0,
                    0,
                    0,
                    0,
                    0,
                    0,
                    0,
                    0,
                    0,
                    0,
                    0,
                    0,
                    0,
                    0,
                    0,
                    0,
                    0,
                    0,
                    0,
                    0,
                    0,
                    0,
                    0,
                    0,
                    0,
                    0,
                    0,
                    0,
                    0,
                    0,
                    1,
                    0,
                    0,
                    0,
                    0,
                    0,
                    0,
                    0,
                    0,
                    0,
                    0,
                    0,
                    0,
                    0,
                    0,
                    0,
                    0,
                    0,
                    0,
                    0,
                    0,
                    0,
                    0,
                    0,
                    0,
                    0,
                    0,
                    0,
                    1,
                    0,
                    0,
                    0,
                    0,
                    0,
                    0,
                    0,
                    0,
                    0,
                    0,
                    0,
                    0,
                    0,
                    0,
                    0,
                    0,
                    0,
                    0,
                    0,
                    0,
                    0,
                    0,
                    0
                ]
            }
        }
    ],
    "LDL_ranking": 1.0,
    "UDL_ranking": 1.0,
    "LDL_category": "Very High Detection (Low Sensitivity)",
    "UDL_category": "Moderate UDL Range"
}