{
    "DOI": "10.1002/adfm.201404228",
    "sensor_type": "gas",
    "detect_target": [
        {
            "substance_name": "ammonia",
            "substance_type": "small molecule",
            "substance_descriptors": {
                "CID": 222,
                "MolecularFormula": "H3N",
                "MolecularWeight": "17.031",
                "CanonicalSMILES": "N",
                "IsomericSMILES": "N",
                "InChI": "InChI=1S/H3N/h1H3",
                "InChIKey": "QGZKDVFQNNGYKY-UHFFFAOYSA-N",
                "IUPACName": "azane",
                "XLogP": -0.7,
                "ExactMass": "17.026549100",
                "MonoisotopicMass": "17.026549100",
                "TPSA": 1,
                "Complexity": 0,
                "Charge": 0,
                "HBondDonorCount": 1,
                "HBondAcceptorCount": 1,
                "RotatableBondCount": 0,
                "HeavyAtomCount": 1,
                "IsotopeAtomCount": 0,
                "AtomStereoCount": 0,
                "DefinedAtomStereoCount": 0,
                "UndefinedAtomStereoCount": 0,
                "BondStereoCount": 0,
                "DefinedBondStereoCount": 0,
                "UndefinedBondStereoCount": 0,
                "CovalentUnitCount": 1,
                "Volume3D": 15.6,
                "XStericQuadrupole3D": 0.51,
                "YStericQuadrupole3D": 0.51,
                "ZStericQuadrupole3D": 0.51,
                "FeatureAcceptorCount3D": 0,
                "FeatureDonorCount3D": 0,
                "FeatureAnionCount3D": 0,
                "FeatureCationCount3D": 1,
                "FeatureRingCount3D": 0,
                "FeatureHydrophobeCount3D": 0,
                "ConformerModelRMSD3D": 0.4,
                "EffectiveRotorCount3D": 0,
                "ConformerCount3D": 1,
                "Morgan_128": [
                    0,
                    0,
                    0,
                    0,
                    0,
                    0,
                    0,
                    0,
                    0,
                    0,
                    0,
                    0,
                    0,
                    0,
                    0,
                    0,
                    0,
                    0,
                    0,
                    0,
                    0,
                    0,
                    0,
                    0,
                    0,
                    0,
                    0,
                    0,
                    0,
                    0,
                    0,
                    0,
                    0,
                    0,
                    1,
                    0,
                    0,
                    0,
                    0,
                    0,
                    0,
                    0,
                    0,
                    0,
                    0,
                    0,
                    0,
                    0,
                    0,
                    0,
                    0,
                    0,
                    0,
                    0,
                    0,
                    0,
                    0,
                    0,
                    0,
                    0,
                    0,
                    0,
                    0,
                    0,
                    0,
                    0,
                    0,
                    0,
                    0,
                    0,
                    0,
                    0,
                    0,
                    0,
                    0,
                    0,
                    0,
                    0,
                    0,
                    0,
                    0,
                    0,
                    0,
                    0,
                    0,
                    0,
                    0,
                    0,
                    0,
                    0,
                    0,
                    0,
                    0,
                    0,
                    0,
                    0,
                    0,
                    0,
                    0,
                    0,
                    0,
                    0,
                    0,
                    0,
                    0,
                    0,
                    0,
                    0,
                    0,
                    0,
                    0,
                    0,
                    0,
                    0,
                    0,
                    0,
                    0,
                    0,
                    0,
                    0,
                    0,
                    0,
                    0,
                    0,
                    0,
                    0,
                    0,
                    0
                ]
            }
        }
    ],
    "lower_detection_limit_log_ppm": -0.301029996,
    "upper_detection_limit_log_ppm": null,
    "probe_material": [
        {
            "substance_name": "poly(3-hexylthiophene)",
            "substance_type": "polymer",
            "substance_descriptors": {
                "mol_weight": 667.1719999999999,
                "exact_mol_weight": 666.342135856,
                "num_h_donors": 0,
                "num_h_acceptors": 4,
                "logP": 14.09219999999997,
                "tpsa": 0.0,
                "num_rotatable_bonds": 26,
                "fraction_csp3": 0.6,
                "labute_asa": 285.92274956485375,
                "peoe_vsa": [
                    0.0,
                    0.0,
                    0.0,
                    45.34714351173894,
                    0.0,
                    64.71113180602472,
                    177.94253239503206,
                    0.0,
                    0.0,
                    0.0,
                    0.0,
                    0.0,
                    0.0,
                    0.0
                ],
                "peoe_vsa_summary": {
                    "vsa_sum": 288.00080771279573,
                    "vsa_mean": 20.571486265199695,
                    "vsa_std": 47.79631947816079
                },
                "smr_vsa": [
                    0.0,
                    0.0,
                    0.0,
                    0.0,
                    154.6026345269889,
                    0.0,
                    88.05102967406789,
                    0.0,
                    0.0,
                    45.34714351173894
                ],
                "smr_vsa_summary": {
                    "vsa_sum": 288.00080771279573,
                    "vsa_mean": 28.800080771279575,
                    "vsa_std": 50.415151819369996
                },
                "slogp_vsa": [
                    0.0,
                    0.0,
                    44.94575136048208,
                    0.0,
                    148.6010436083858,
                    49.10686923218892,
                    0.0,
                    0.0,
                    0.0,
                    0.0,
                    0.0,
                    45.34714351173894
                ],
                "slogp_vsa_summary": {
                    "vsa_sum": 288.00080771279573,
                    "vsa_mean": 24.000067309399643,
                    "vsa_std": 42.48352620629617
                },
                "kappa1": 35.65047958658301,
                "kappa2": 22.34746213435079,
                "kappa3": 13.65367090319091,
                "chi0": 27.59260155185267,
                "chi1": 17.960333008595427,
                "chi0n": 27.59260155185267,
                "chi1n": 17.960333008595427,
                "chi2n": 12.951684658476223,
                "chi0v": 30.858587875563572,
                "chi1v": 21.731569174923674,
                "chi2v": 15.962428116124373,
                "num_rings": 4,
                "num_aromatic_rings": 4,
                "num_aliphatic_rings": 0,
                "num_saturated_rings": 0,
                "num_heteroatoms": 4,
                "num_spiro_atoms": 0,
                "num_bridgehead_atoms": 0,
                "phi": 0.05851155187157797,
                "morgan_fp_128": [
                    0,
                    0,
                    0,
                    0,
                    0,
                    0,
                    0,
                    0,
                    0,
                    0,
                    0,
                    0,
                    0,
                    0,
                    1,
                    0,
                    0,
                    0,
                    0,
                    1,
                    0,
                    0,
                    0,
                    0,
                    0,
                    0,
                    1,
                    0,
                    0,
                    0,
                    1,
                    0,
                    1,
                    1,
                    0,
                    1,
                    1,
                    0,
                    1,
                    0,
                    1,
                    0,
                    0,
                    0,
                    0,
                    0,
                    0,
                    0,
                    0,
                    0,
                    0,
                    0,
                    0,
                    0,
                    0,
                    0,
                    0,
                    0,
                    0,
                    0,
                    0,
                    0,
                    0,
                    0,
                    0,
                    0,
                    0,
                    0,
                    0,
                    1,
                    0,
                    0,
                    0,
                    0,
                    0,
                    0,
                    0,
                    0,
                    0,
                    1,
                    1,
                    1,
                    1,
                    0,
                    1,
                    0,
                    1,
                    0,
                    0,
                    0,
                    1,
                    1,
                    0,
                    0,
                    0,
                    0,
                    1,
                    0,
                    0,
                    0,
                    1,
                    0,
                    0,
                    0,
                    0,
                    1,
                    0,
                    0,
                    0,
                    0,
                    0,
                    0,
                    0,
                    0,
                    0,
                    0,
                    0,
                    0,
                    0,
                    1,
                    0,
                    0,
                    0,
                    0,
                    0,
                    0,
                    0,
                    0
                ],
                "maccs_fp": [
                    0,
                    0,
                    0,
                    0,
                    0,
                    0,
                    0,
                    0,
                    0,
                    0,
                    0,
                    0,
                    0,
                    0,
                    0,
                    0,
                    0,
                    0,
                    0,
                    0,
                    0,
                    0,
                    0,
                    0,
                    0,
                    0,
                    0,
                    0,
                    0,
                    0,
                    0,
                    0,
                    0,
                    0,
                    0,
                    0,
                    1,
                    0,
                    0,
                    0,
                    0,
                    0,
                    0,
                    0,
                    0,
                    0,
                    0,
                    0,
                    0,
                    0,
                    0,
                    0,
                    0,
                    0,
                    0,
                    0,
                    0,
                    0,
                    0,
                    0,
                    0,
                    0,
                    0,
                    0,
                    0,
                    0,
                    0,
                    0,
                    0,
                    0,
                    0,
                    0,
                    0,
                    0,
                    0,
                    0,
                    0,
                    0,
                    0,
                    0,
                    0,
                    0,
                    0,
                    1,
                    0,
                    0,
                    0,
                    0,
                    1,
                    0,
                    0,
                    0,
                    0,
                    0,
                    0,
                    0,
                    1,
                    0,
                    0,
                    0,
                    0,
                    0,
                    0,
                    0,
                    0,
                    0,
                    0,
                    0,
                    1,
                    0,
                    0,
                    0,
                    0,
                    0,
                    1,
                    1,
                    1,
                    0,
                    1,
                    0,
                    1,
                    0,
                    0,
                    0,
                    0,
                    1,
                    0,
                    0,
                    1,
                    1,
                    0,
                    0,
                    0,
                    0,
                    0,
                    0,
                    0,
                    1,
                    0,
                    0,
                    0,
                    0,
                    0,
                    0,
                    1,
                    0,
                    0,
                    1,
                    0,
                    0,
                    1,
                    0,
                    0,
                    0,
                    0,
                    1,
                    0,
                    0,
                    0,
                    0,
                    1,
                    0,
                    1,
                    0,
                    0,
                    1,
                    0
                ]
            }
        }
    ],
    "test_operating_temperature_celsius": 26.25,
    "min_pH_when_testing": -1.0,
    "max_pH_when_testing": -1.0,
    "test_medium_electrolyte": [
        {
            "substance_name": "oxygen",
            "substance_type": "small molecule",
            "substance_descriptors": {
                "CID": 977,
                "MolecularFormula": "O2",
                "MolecularWeight": "31.999",
                "CanonicalSMILES": "O=O",
                "IsomericSMILES": "O=O",
                "InChI": "InChI=1S/O2/c1-2",
                "InChIKey": "MYMOFIZGZYHOMD-UHFFFAOYSA-N",
                "IUPACName": "molecular oxygen",
                "XLogP": -1.1,
                "ExactMass": "31.989829239",
                "MonoisotopicMass": "31.989829239",
                "TPSA": 34.1,
                "Complexity": 0,
                "Charge": 0,
                "HBondDonorCount": 0,
                "HBondAcceptorCount": 2,
                "RotatableBondCount": 0,
                "HeavyAtomCount": 2,
                "IsotopeAtomCount": 0,
                "AtomStereoCount": 0,
                "DefinedAtomStereoCount": 0,
                "UndefinedAtomStereoCount": 0,
                "BondStereoCount": 0,
                "DefinedBondStereoCount": 0,
                "UndefinedBondStereoCount": 0,
                "CovalentUnitCount": 1,
                "Volume3D": 22.9,
                "XStericQuadrupole3D": 0.87,
                "YStericQuadrupole3D": 0.49,
                "ZStericQuadrupole3D": 0.49,
                "FeatureAcceptorCount3D": 0,
                "FeatureDonorCount3D": 0,
                "FeatureAnionCount3D": 0,
                "FeatureCationCount3D": 0,
                "FeatureRingCount3D": 0,
                "FeatureHydrophobeCount3D": 0,
                "ConformerModelRMSD3D": 0.4,
                "EffectiveRotorCount3D": 0,
                "ConformerCount3D": 1,
                "Morgan_128": [
                    0,
                    0,
                    0,
                    0,
                    0,
                    0,
                    0,
                    0,
                    0,
                    0,
                    1,
                    0,
                    0,
                    0,
                    0,
                    0,
                    1,
                    0,
                    0,
                    0,
                    0,
                    0,
                    0,
                    0,
                    0,
                    0,
                    0,
                    0,
                    0,
                    0,
                    0,
                    0,
                    0,
                    0,
                    0,
                    0,
                    0,
                    0,
                    0,
                    0,
                    0,
                    0,
                    0,
                    0,
                    0,
                    0,
                    0,
                    0,
                    0,
                    0,
                    0,
                    0,
                    0,
                    0,
                    0,
                    0,
                    0,
                    0,
                    0,
                    0,
                    0,
                    0,
                    0,
                    0,
                    0,
                    0,
                    0,
                    0,
                    0,
                    0,
                    0,
                    0,
                    0,
                    0,
                    0,
                    0,
                    0,
                    0,
                    0,
                    0,
                    0,
                    0,
                    0,
                    0,
                    0,
                    0,
                    0,
                    0,
                    0,
                    0,
                    0,
                    0,
                    0,
                    0,
                    0,
                    0,
                    0,
                    0,
                    0,
                    0,
                    0,
                    0,
                    0,
                    0,
                    0,
                    0,
                    0,
                    0,
                    0,
                    0,
                    0,
                    0,
                    0,
                    0,
                    0,
                    0,
                    0,
                    0,
                    0,
                    0,
                    0,
                    0,
                    0,
                    0,
                    0,
                    0,
                    0,
                    0
                ]
            }
        },
        {
            "substance_name": "nitrogen",
            "substance_type": "small molecule",
            "substance_descriptors": {
                "CID": 947,
                "MolecularFormula": "N2",
                "MolecularWeight": "28.014",
                "CanonicalSMILES": "N#N",
                "IsomericSMILES": "N#N",
                "InChI": "InChI=1S/N2/c1-2",
                "InChIKey": "IJGRMHOSHXDMSA-UHFFFAOYSA-N",
                "IUPACName": "molecular nitrogen",
                "XLogP": 0.1,
                "ExactMass": "28.006148008",
                "MonoisotopicMass": "28.006148008",
                "TPSA": 47.6,
                "Complexity": 8,
                "Charge": 0,
                "HBondDonorCount": 0,
                "HBondAcceptorCount": 2,
                "RotatableBondCount": 0,
                "HeavyAtomCount": 2,
                "IsotopeAtomCount": 0,
                "AtomStereoCount": 0,
                "DefinedAtomStereoCount": 0,
                "UndefinedAtomStereoCount": 0,
                "BondStereoCount": 0,
                "DefinedBondStereoCount": 0,
                "UndefinedBondStereoCount": 0,
                "CovalentUnitCount": 1,
                "Volume3D": 23.1,
                "XStericQuadrupole3D": 0.82,
                "YStericQuadrupole3D": 0.51,
                "ZStericQuadrupole3D": 0.51,
                "FeatureAcceptorCount3D": 0,
                "FeatureDonorCount3D": 0,
                "FeatureAnionCount3D": 0,
                "FeatureCationCount3D": 0,
                "FeatureRingCount3D": 0,
                "FeatureHydrophobeCount3D": 0,
                "ConformerModelRMSD3D": 0.4,
                "EffectiveRotorCount3D": 0,
                "ConformerCount3D": 1,
                "Morgan_128": [
                    0,
                    0,
                    0,
                    0,
                    0,
                    0,
                    0,
                    0,
                    0,
                    0,
                    0,
                    0,
                    0,
                    0,
                    0,
                    0,
                    0,
                    0,
                    0,
                    0,
                    0,
                    0,
                    0,
                    0,
                    0,
                    0,
                    0,
                    0,
                    0,
                    0,
                    0,
                    0,
                    0,
                    0,
                    0,
                    0,
                    0,
                    0,
                    0,
                    0,
                    0,
                    0,
                    0,
                    0,
                    0,
                    0,
                    0,
                    0,
                    0,
                    0,
                    0,
                    0,
                    0,
                    0,
                    0,
                    0,
                    0,
                    0,
                    0,
                    0,
                    0,
                    0,
                    0,
                    0,
                    0,
                    0,
                    0,
                    0,
                    0,
                    0,
                    0,
                    0,
                    0,
                    0,
                    0,
                    0,
                    1,
                    0,
                    0,
                    0,
                    0,
                    0,
                    0,
                    0,
                    0,
                    0,
                    0,
                    0,
                    0,
                    0,
                    0,
                    0,
                    0,
                    0,
                    0,
                    0,
                    0,
                    0,
                    0,
                    0,
                    0,
                    0,
                    0,
                    0,
                    1,
                    0,
                    0,
                    0,
                    0,
                    0,
                    0,
                    0,
                    0,
                    0,
                    0,
                    0,
                    0,
                    0,
                    0,
                    0,
                    0,
                    0,
                    0,
                    0,
                    0,
                    0,
                    0,
                    0
                ]
            }
        }
    ],
    "LDL_ranking": 3.0,
    "UDL_ranking": null,
    "LDL_category": "High Detection (Lower Sensitivity)",
    "UDL_category": null
}