{
    "DOI": "10.1002/adfm.202108878",
    "sensor_type": "gas",
    "detect_target": [
        {
            "substance_name": "nitrogen dioxide",
            "substance_type": "small molecule",
            "substance_descriptors": {
                "CID": 3032552,
                "MolecularFormula": "NO2",
                "MolecularWeight": "46.006",
                "CanonicalSMILES": "N(=O)[O]",
                "IsomericSMILES": "N(=O)[O]",
                "InChI": "InChI=1S/NO2/c2-1-3",
                "InChIKey": "JCXJVPUVTGWSNB-UHFFFAOYSA-N",
                "XLogP": -0.3,
                "ExactMass": "45.992903243",
                "MonoisotopicMass": "45.992903243",
                "TPSA": 30.4,
                "Complexity": 7,
                "Charge": 0,
                "HBondDonorCount": 0,
                "HBondAcceptorCount": 2,
                "RotatableBondCount": 0,
                "HeavyAtomCount": 3,
                "IsotopeAtomCount": 0,
                "AtomStereoCount": 0,
                "DefinedAtomStereoCount": 0,
                "UndefinedAtomStereoCount": 0,
                "BondStereoCount": 0,
                "DefinedBondStereoCount": 0,
                "UndefinedBondStereoCount": 0,
                "CovalentUnitCount": 1,
                "ConformerCount3D": 0,
                "Morgan_128": [
                    0,
                    0,
                    0,
                    0,
                    0,
                    0,
                    0,
                    0,
                    0,
                    0,
                    1,
                    0,
                    1,
                    0,
                    0,
                    0,
                    0,
                    0,
                    0,
                    0,
                    0,
                    0,
                    0,
                    0,
                    0,
                    0,
                    0,
                    0,
                    0,
                    0,
                    0,
                    0,
                    0,
                    0,
                    0,
                    0,
                    0,
                    0,
                    0,
                    0,
                    0,
                    0,
                    0,
                    0,
                    0,
                    0,
                    0,
                    0,
                    0,
                    0,
                    0,
                    0,
                    1,
                    0,
                    0,
                    0,
                    0,
                    0,
                    0,
                    0,
                    0,
                    0,
                    0,
                    0,
                    0,
                    0,
                    0,
                    0,
                    0,
                    0,
                    0,
                    0,
                    0,
                    0,
                    0,
                    0,
                    0,
                    0,
                    0,
                    0,
                    0,
                    0,
                    0,
                    1,
                    0,
                    1,
                    0,
                    0,
                    0,
                    0,
                    0,
                    0,
                    0,
                    0,
                    0,
                    0,
                    0,
                    0,
                    0,
                    0,
                    0,
                    0,
                    0,
                    0,
                    0,
                    0,
                    0,
                    0,
                    0,
                    0,
                    0,
                    0,
                    0,
                    0,
                    0,
                    0,
                    0,
                    0,
                    0,
                    0,
                    0,
                    0,
                    0,
                    0,
                    0,
                    0,
                    0,
                    0
                ]
            }
        }
    ],
    "lower_detection_limit_log_ppm": 0.0,
    "upper_detection_limit_log_ppm": 1.397940009,
    "probe_material": [
        {
            "substance_name": "tin diselenide",
            "substance_type": "inorganic solid",
            "substance_descriptors": {
                "Number of Elements": 2,
                "Element Types": [
                    "Sn",
                    "Se"
                ],
                "Number of Atoms in Unit Cell": 3,
                "Lattice Parameter a (\u00c5)": "3.811",
                "Lattice Parameter b (\u00c5)": "3.811",
                "Lattice Parameter c (\u00c5)": "6.137",
                "Lattice Angle alpha (degrees)": "90",
                "Lattice Angle beta (degrees)": "90",
                "Lattice Angle gamma (degrees)": "120",
                "Unit Cell Volume (\u00c5\u00b3)": 82.9070527059618,
                "Density (g/cm\u00b3)": 5.5406012757769405,
                "Space Group Number": 164,
                "Band Gap (eV)": 0.7018,
                "Is Metallic (1/0)": 0,
                "Formation Energy per Atom (eV)": -0.4238967693750008,
                "Energy Above Hull (eV/atom)": 0.0,
                "Energy per Atom (eV/atom)": -18.21366485,
                "Total Magnetization (\u03bcB)": 0.0,
                "Magnetic Ordering": "NM",
                "Bulk Modulus (GPa)": 11.592,
                "Shear Modulus (GPa)": 9.691,
                "Fermi Energy (eV)": 2.70440502,
                "Total Energy (eV)": -1.7536,
                "Crystal System": "trigonal",
                "Magpie Descriptors": {
                    "MagpieData minimum Number": 34.0,
                    "MagpieData maximum Number": 50.0,
                    "MagpieData range Number": 16.0,
                    "MagpieData mean Number": 39.33333333333333,
                    "MagpieData avg_dev Number": 7.111111111111109,
                    "MagpieData mode Number": 34.0,
                    "MagpieData std_dev Number": 11.313708498984761,
                    "MagpieData minimum MendeleevNumber": 80.0,
                    "MagpieData maximum MendeleevNumber": 89.0,
                    "MagpieData range MendeleevNumber": 9.0,
                    "MagpieData mean MendeleevNumber": 86.0,
                    "MagpieData avg_dev MendeleevNumber": 4.0,
                    "MagpieData mode MendeleevNumber": 89.0,
                    "MagpieData std_dev MendeleevNumber": 6.363961030678928,
                    "MagpieData minimum AtomicWeight": 78.96,
                    "MagpieData maximum AtomicWeight": 118.71,
                    "MagpieData range AtomicWeight": 39.75,
                    "MagpieData mean AtomicWeight": 92.20999999999998,
                    "MagpieData avg_dev AtomicWeight": 17.66666666666666,
                    "MagpieData mode AtomicWeight": 78.96,
                    "MagpieData std_dev AtomicWeight": 28.107494552165264,
                    "MagpieData minimum MeltingT": 494.0,
                    "MagpieData maximum MeltingT": 505.08,
                    "MagpieData range MeltingT": 11.079999999999984,
                    "MagpieData mean MeltingT": 497.69333333333327,
                    "MagpieData avg_dev MeltingT": 4.924444444444418,
                    "MagpieData mode MeltingT": 494.0,
                    "MagpieData std_dev MeltingT": 7.834743135546935,
                    "MagpieData minimum Column": 14.0,
                    "MagpieData maximum Column": 16.0,
                    "MagpieData range Column": 2.0,
                    "MagpieData mean Column": 15.333333333333332,
                    "MagpieData avg_dev Column": 0.8888888888888893,
                    "MagpieData mode Column": 16.0,
                    "MagpieData std_dev Column": 1.4142135623730951,
                    "MagpieData minimum Row": 4.0,
                    "MagpieData maximum Row": 5.0,
                    "MagpieData range Row": 1.0,
                    "MagpieData mean Row": 4.333333333333333,
                    "MagpieData avg_dev Row": 0.4444444444444443,
                    "MagpieData mode Row": 4.0,
                    "MagpieData std_dev Row": 0.7071067811865476,
                    "MagpieData minimum CovalentRadius": 120.0,
                    "MagpieData maximum CovalentRadius": 139.0,
                    "MagpieData range CovalentRadius": 19.0,
                    "MagpieData mean CovalentRadius": 126.33333333333333,
                    "MagpieData avg_dev CovalentRadius": 8.444444444444443,
                    "MagpieData mode CovalentRadius": 120.0,
                    "MagpieData std_dev CovalentRadius": 13.435028842544403,
                    "MagpieData minimum Electronegativity": 1.96,
                    "MagpieData maximum Electronegativity": 2.55,
                    "MagpieData range Electronegativity": 0.5899999999999999,
                    "MagpieData mean Electronegativity": 2.353333333333333,
                    "MagpieData avg_dev Electronegativity": 0.2622222222222222,
                    "MagpieData mode Electronegativity": 2.55,
                    "MagpieData std_dev Electronegativity": 0.4171930009000629,
                    "MagpieData minimum NsValence": 2.0,
                    "MagpieData maximum NsValence": 2.0,
                    "MagpieData range NsValence": 0.0,
                    "MagpieData mean NsValence": 2.0,
                    "MagpieData avg_dev NsValence": 0.0,
                    "MagpieData mode NsValence": 2.0,
                    "MagpieData std_dev NsValence": 0.0,
                    "MagpieData minimum NpValence": 2.0,
                    "MagpieData maximum NpValence": 4.0,
                    "MagpieData range NpValence": 2.0,
                    "MagpieData mean NpValence": 3.333333333333333,
                    "MagpieData avg_dev NpValence": 0.888888888888889,
                    "MagpieData mode NpValence": 4.0,
                    "MagpieData std_dev NpValence": 1.4142135623730951,
                    "MagpieData minimum NdValence": 10.0,
                    "MagpieData maximum NdValence": 10.0,
                    "MagpieData range NdValence": 0.0,
                    "MagpieData mean NdValence": 10.0,
                    "MagpieData avg_dev NdValence": 0.0,
                    "MagpieData mode NdValence": 10.0,
                    "MagpieData std_dev NdValence": 0.0,
                    "MagpieData minimum NfValence": 0.0,
                    "MagpieData maximum NfValence": 0.0,
                    "MagpieData range NfValence": 0.0,
                    "MagpieData mean NfValence": 0.0,
                    "MagpieData avg_dev NfValence": 0.0,
                    "MagpieData mode NfValence": 0.0,
                    "MagpieData std_dev NfValence": 0.0,
                    "MagpieData minimum NValence": 14.0,
                    "MagpieData maximum NValence": 16.0,
                    "MagpieData range NValence": 2.0,
                    "MagpieData mean NValence": 15.333333333333332,
                    "MagpieData avg_dev NValence": 0.8888888888888893,
                    "MagpieData mode NValence": 16.0,
                    "MagpieData std_dev NValence": 1.4142135623730951,
                    "MagpieData minimum NsUnfilled": 0.0,
                    "MagpieData maximum NsUnfilled": 0.0,
                    "MagpieData range NsUnfilled": 0.0,
                    "MagpieData mean NsUnfilled": 0.0,
                    "MagpieData avg_dev NsUnfilled": 0.0,
                    "MagpieData mode NsUnfilled": 0.0,
                    "MagpieData std_dev NsUnfilled": 0.0,
                    "MagpieData minimum NpUnfilled": 2.0,
                    "MagpieData maximum NpUnfilled": 4.0,
                    "MagpieData range NpUnfilled": 2.0,
                    "MagpieData mean NpUnfilled": 2.6666666666666665,
                    "MagpieData avg_dev NpUnfilled": 0.8888888888888888,
                    "MagpieData mode NpUnfilled": 2.0,
                    "MagpieData std_dev NpUnfilled": 1.4142135623730951,
                    "MagpieData minimum NdUnfilled": 0.0,
                    "MagpieData maximum NdUnfilled": 0.0,
                    "MagpieData range NdUnfilled": 0.0,
                    "MagpieData mean NdUnfilled": 0.0,
                    "MagpieData avg_dev NdUnfilled": 0.0,
                    "MagpieData mode NdUnfilled": 0.0,
                    "MagpieData std_dev NdUnfilled": 0.0,
                    "MagpieData minimum NfUnfilled": 0.0,
                    "MagpieData maximum NfUnfilled": 0.0,
                    "MagpieData range NfUnfilled": 0.0,
                    "MagpieData mean NfUnfilled": 0.0,
                    "MagpieData avg_dev NfUnfilled": 0.0,
                    "MagpieData mode NfUnfilled": 0.0,
                    "MagpieData std_dev NfUnfilled": 0.0,
                    "MagpieData minimum NUnfilled": 2.0,
                    "MagpieData maximum NUnfilled": 4.0,
                    "MagpieData range NUnfilled": 2.0,
                    "MagpieData mean NUnfilled": 2.6666666666666665,
                    "MagpieData avg_dev NUnfilled": 0.8888888888888888,
                    "MagpieData mode NUnfilled": 2.0,
                    "MagpieData std_dev NUnfilled": 1.4142135623730951,
                    "MagpieData minimum GSvolume_pa": 25.92,
                    "MagpieData maximum GSvolume_pa": 33.285,
                    "MagpieData range GSvolume_pa": 7.364999999999995,
                    "MagpieData mean GSvolume_pa": 28.375,
                    "MagpieData avg_dev GSvolume_pa": 3.2733333333333308,
                    "MagpieData mode GSvolume_pa": 25.92,
                    "MagpieData std_dev GSvolume_pa": 5.207841443438919,
                    "MagpieData minimum GSbandgap": 0.0,
                    "MagpieData maximum GSbandgap": 0.799,
                    "MagpieData range GSbandgap": 0.799,
                    "MagpieData mean GSbandgap": 0.5326666666666666,
                    "MagpieData avg_dev GSbandgap": 0.35511111111111116,
                    "MagpieData mode GSbandgap": 0.799,
                    "MagpieData std_dev GSbandgap": 0.5649783181680516,
                    "MagpieData minimum GSmagmom": 0.0,
                    "MagpieData maximum GSmagmom": 0.0,
                    "MagpieData range GSmagmom": 0.0,
                    "MagpieData mean GSmagmom": 0.0,
                    "MagpieData avg_dev GSmagmom": 0.0,
                    "MagpieData mode GSmagmom": 0.0,
                    "MagpieData std_dev GSmagmom": 0.0,
                    "MagpieData minimum SpaceGroupNumber": 14.0,
                    "MagpieData maximum SpaceGroupNumber": 141.0,
                    "MagpieData range SpaceGroupNumber": 127.0,
                    "MagpieData mean SpaceGroupNumber": 56.33333333333333,
                    "MagpieData avg_dev SpaceGroupNumber": 56.44444444444444,
                    "MagpieData mode SpaceGroupNumber": 14.0,
                    "MagpieData std_dev SpaceGroupNumber": 89.80256121069154
                }
            }
        }
    ],
    "test_operating_temperature_celsius": 26.25,
    "min_pH_when_testing": -1.0,
    "max_pH_when_testing": -1.0,
    "test_medium_electrolyte": [
        {
            "substance_name": "oxygen",
            "substance_type": "small molecule",
            "substance_descriptors": {
                "CID": 977,
                "MolecularFormula": "O2",
                "MolecularWeight": "31.999",
                "CanonicalSMILES": "O=O",
                "IsomericSMILES": "O=O",
                "InChI": "InChI=1S/O2/c1-2",
                "InChIKey": "MYMOFIZGZYHOMD-UHFFFAOYSA-N",
                "IUPACName": "molecular oxygen",
                "XLogP": -1.1,
                "ExactMass": "31.989829239",
                "MonoisotopicMass": "31.989829239",
                "TPSA": 34.1,
                "Complexity": 0,
                "Charge": 0,
                "HBondDonorCount": 0,
                "HBondAcceptorCount": 2,
                "RotatableBondCount": 0,
                "HeavyAtomCount": 2,
                "IsotopeAtomCount": 0,
                "AtomStereoCount": 0,
                "DefinedAtomStereoCount": 0,
                "UndefinedAtomStereoCount": 0,
                "BondStereoCount": 0,
                "DefinedBondStereoCount": 0,
                "UndefinedBondStereoCount": 0,
                "CovalentUnitCount": 1,
                "Volume3D": 22.9,
                "XStericQuadrupole3D": 0.87,
                "YStericQuadrupole3D": 0.49,
                "ZStericQuadrupole3D": 0.49,
                "FeatureAcceptorCount3D": 0,
                "FeatureDonorCount3D": 0,
                "FeatureAnionCount3D": 0,
                "FeatureCationCount3D": 0,
                "FeatureRingCount3D": 0,
                "FeatureHydrophobeCount3D": 0,
                "ConformerModelRMSD3D": 0.4,
                "EffectiveRotorCount3D": 0,
                "ConformerCount3D": 1,
                "Morgan_128": [
                    0,
                    0,
                    0,
                    0,
                    0,
                    0,
                    0,
                    0,
                    0,
                    0,
                    1,
                    0,
                    0,
                    0,
                    0,
                    0,
                    1,
                    0,
                    0,
                    0,
                    0,
                    0,
                    0,
                    0,
                    0,
                    0,
                    0,
                    0,
                    0,
                    0,
                    0,
                    0,
                    0,
                    0,
                    0,
                    0,
                    0,
                    0,
                    0,
                    0,
                    0,
                    0,
                    0,
                    0,
                    0,
                    0,
                    0,
                    0,
                    0,
                    0,
                    0,
                    0,
                    0,
                    0,
                    0,
                    0,
                    0,
                    0,
                    0,
                    0,
                    0,
                    0,
                    0,
                    0,
                    0,
                    0,
                    0,
                    0,
                    0,
                    0,
                    0,
                    0,
                    0,
                    0,
                    0,
                    0,
                    0,
                    0,
                    0,
                    0,
                    0,
                    0,
                    0,
                    0,
                    0,
                    0,
                    0,
                    0,
                    0,
                    0,
                    0,
                    0,
                    0,
                    0,
                    0,
                    0,
                    0,
                    0,
                    0,
                    0,
                    0,
                    0,
                    0,
                    0,
                    0,
                    0,
                    0,
                    0,
                    0,
                    0,
                    0,
                    0,
                    0,
                    0,
                    0,
                    0,
                    0,
                    0,
                    0,
                    0,
                    0,
                    0,
                    0,
                    0,
                    0,
                    0,
                    0,
                    0
                ]
            }
        },
        {
            "substance_name": "nitrogen",
            "substance_type": "small molecule",
            "substance_descriptors": {
                "CID": 947,
                "MolecularFormula": "N2",
                "MolecularWeight": "28.014",
                "CanonicalSMILES": "N#N",
                "IsomericSMILES": "N#N",
                "InChI": "InChI=1S/N2/c1-2",
                "InChIKey": "IJGRMHOSHXDMSA-UHFFFAOYSA-N",
                "IUPACName": "molecular nitrogen",
                "XLogP": 0.1,
                "ExactMass": "28.006148008",
                "MonoisotopicMass": "28.006148008",
                "TPSA": 47.6,
                "Complexity": 8,
                "Charge": 0,
                "HBondDonorCount": 0,
                "HBondAcceptorCount": 2,
                "RotatableBondCount": 0,
                "HeavyAtomCount": 2,
                "IsotopeAtomCount": 0,
                "AtomStereoCount": 0,
                "DefinedAtomStereoCount": 0,
                "UndefinedAtomStereoCount": 0,
                "BondStereoCount": 0,
                "DefinedBondStereoCount": 0,
                "UndefinedBondStereoCount": 0,
                "CovalentUnitCount": 1,
                "Volume3D": 23.1,
                "XStericQuadrupole3D": 0.82,
                "YStericQuadrupole3D": 0.51,
                "ZStericQuadrupole3D": 0.51,
                "FeatureAcceptorCount3D": 0,
                "FeatureDonorCount3D": 0,
                "FeatureAnionCount3D": 0,
                "FeatureCationCount3D": 0,
                "FeatureRingCount3D": 0,
                "FeatureHydrophobeCount3D": 0,
                "ConformerModelRMSD3D": 0.4,
                "EffectiveRotorCount3D": 0,
                "ConformerCount3D": 1,
                "Morgan_128": [
                    0,
                    0,
                    0,
                    0,
                    0,
                    0,
                    0,
                    0,
                    0,
                    0,
                    0,
                    0,
                    0,
                    0,
                    0,
                    0,
                    0,
                    0,
                    0,
                    0,
                    0,
                    0,
                    0,
                    0,
                    0,
                    0,
                    0,
                    0,
                    0,
                    0,
                    0,
                    0,
                    0,
                    0,
                    0,
                    0,
                    0,
                    0,
                    0,
                    0,
                    0,
                    0,
                    0,
                    0,
                    0,
                    0,
                    0,
                    0,
                    0,
                    0,
                    0,
                    0,
                    0,
                    0,
                    0,
                    0,
                    0,
                    0,
                    0,
                    0,
                    0,
                    0,
                    0,
                    0,
                    0,
                    0,
                    0,
                    0,
                    0,
                    0,
                    0,
                    0,
                    0,
                    0,
                    0,
                    0,
                    1,
                    0,
                    0,
                    0,
                    0,
                    0,
                    0,
                    0,
                    0,
                    0,
                    0,
                    0,
                    0,
                    0,
                    0,
                    0,
                    0,
                    0,
                    0,
                    0,
                    0,
                    0,
                    0,
                    0,
                    0,
                    0,
                    0,
                    0,
                    1,
                    0,
                    0,
                    0,
                    0,
                    0,
                    0,
                    0,
                    0,
                    0,
                    0,
                    0,
                    0,
                    0,
                    0,
                    0,
                    0,
                    0,
                    0,
                    0,
                    0,
                    0,
                    0,
                    0
                ]
            }
        }
    ],
    "LDL_ranking": 1.0,
    "UDL_ranking": 1.0,
    "LDL_category": "High Detection (Lower Sensitivity)",
    "UDL_category": "Moderate UDL Range"
}