{
    "DOI": "10.1002/adma.201305011",
    "sensor_type": "gas",
    "detect_target": [
        {
            "substance_name": "nitrogen dioxide",
            "substance_type": "small molecule",
            "substance_descriptors": {
                "CID": 3032552,
                "MolecularFormula": "NO2",
                "MolecularWeight": "46.006",
                "CanonicalSMILES": "N(=O)[O]",
                "IsomericSMILES": "N(=O)[O]",
                "InChI": "InChI=1S/NO2/c2-1-3",
                "InChIKey": "JCXJVPUVTGWSNB-UHFFFAOYSA-N",
                "XLogP": -0.3,
                "ExactMass": "45.992903243",
                "MonoisotopicMass": "45.992903243",
                "TPSA": 30.4,
                "Complexity": 7,
                "Charge": 0,
                "HBondDonorCount": 0,
                "HBondAcceptorCount": 2,
                "RotatableBondCount": 0,
                "HeavyAtomCount": 3,
                "IsotopeAtomCount": 0,
                "AtomStereoCount": 0,
                "DefinedAtomStereoCount": 0,
                "UndefinedAtomStereoCount": 0,
                "BondStereoCount": 0,
                "DefinedBondStereoCount": 0,
                "UndefinedBondStereoCount": 0,
                "CovalentUnitCount": 1,
                "ConformerCount3D": 0,
                "Morgan_128": [
                    0,
                    0,
                    0,
                    0,
                    0,
                    0,
                    0,
                    0,
                    0,
                    0,
                    1,
                    0,
                    1,
                    0,
                    0,
                    0,
                    0,
                    0,
                    0,
                    0,
                    0,
                    0,
                    0,
                    0,
                    0,
                    0,
                    0,
                    0,
                    0,
                    0,
                    0,
                    0,
                    0,
                    0,
                    0,
                    0,
                    0,
                    0,
                    0,
                    0,
                    0,
                    0,
                    0,
                    0,
                    0,
                    0,
                    0,
                    0,
                    0,
                    0,
                    0,
                    0,
                    1,
                    0,
                    0,
                    0,
                    0,
                    0,
                    0,
                    0,
                    0,
                    0,
                    0,
                    0,
                    0,
                    0,
                    0,
                    0,
                    0,
                    0,
                    0,
                    0,
                    0,
                    0,
                    0,
                    0,
                    0,
                    0,
                    0,
                    0,
                    0,
                    0,
                    0,
                    1,
                    0,
                    1,
                    0,
                    0,
                    0,
                    0,
                    0,
                    0,
                    0,
                    0,
                    0,
                    0,
                    0,
                    0,
                    0,
                    0,
                    0,
                    0,
                    0,
                    0,
                    0,
                    0,
                    0,
                    0,
                    0,
                    0,
                    0,
                    0,
                    0,
                    0,
                    0,
                    0,
                    0,
                    0,
                    0,
                    0,
                    0,
                    0,
                    0,
                    0,
                    0,
                    0,
                    0,
                    0
                ]
            }
        }
    ],
    "lower_detection_limit_log_ppm": 1.0,
    "upper_detection_limit_log_ppm": 2.477121255,
    "probe_material": [
        {
            "substance_name": "polydimethylsiloxane",
            "substance_type": "polymer",
            "substance_descriptors": {
                "mol_weight": 4202.915999999981,
                "exact_mol_weight": 4195.213507248004,
                "num_h_donors": 0,
                "num_h_acceptors": 52,
                "logP": 44.43639999999986,
                "tpsa": 479.9600000000003,
                "num_rotatable_bonds": 113,
                "fraction_csp3": 1.0,
                "labute_asa": 1458.2331673229578,
                "peoe_vsa": [
                    213.98764911879968,
                    0.0,
                    0.0,
                    0.0,
                    0.0,
                    0.0,
                    782.6238689811448,
                    0.0,
                    0.0,
                    0.0,
                    66.53914602159631,
                    0.0,
                    0.0,
                    410.92388183356627
                ],
                "peoe_vsa_summary": {
                    "vsa_sum": 1474.0745459551072,
                    "vsa_mean": 105.29103899679338,
                    "vsa_std": 219.80021584327716
                },
                "smr_vsa": [
                    213.98764911879968,
                    0.0,
                    0.0,
                    0.0,
                    782.6238689811448,
                    0.0,
                    0.0,
                    0.0,
                    0.0,
                    477.46302785516275
                ],
                "smr_vsa_summary": {
                    "vsa_sum": 1474.0745459551072,
                    "vsa_mean": 147.40745459551073,
                    "vsa_std": 258.6449691255856
                },
                "slogp_vsa": [
                    0.0,
                    477.46302785516275,
                    213.98764911879968,
                    0.0,
                    0.0,
                    0.0,
                    782.6238689811448,
                    0.0,
                    0.0,
                    0.0,
                    0.0,
                    0.0
                ],
                "slogp_vsa_summary": {
                    "vsa_sum": 1474.0745459551072,
                    "vsa_mean": 122.83954549625894,
                    "vsa_std": 242.41615904443765
                },
                "kappa1": 238.06545454545451,
                "kappa2": 80.91512397430324,
                "kappa3": 110.82968016280527,
                "chi0": 167.47155179124005,
                "chi1": 81.85023144768039,
                "chi0n": 167.47155179124005,
                "chi1n": 81.85023144768039,
                "chi2n": 88.78196436563924,
                "chi0v": 223.47155179124005,
                "chi1v": 242.5506943430412,
                "chi2v": 298.1892597531004,
                "num_rings": 0,
                "num_aromatic_rings": 0,
                "num_aliphatic_rings": 0,
                "num_saturated_rings": 0,
                "num_heteroatoms": 108,
                "num_spiro_atoms": 0,
                "num_bridgehead_atoms": 0,
                "phi": 0.051031029119684906,
                "morgan_fp_128": [
                    0,
                    0,
                    0,
                    0,
                    0,
                    0,
                    0,
                    0,
                    0,
                    0,
                    0,
                    0,
                    0,
                    0,
                    1,
                    0,
                    1,
                    0,
                    0,
                    0,
                    0,
                    0,
                    0,
                    0,
                    0,
                    0,
                    0,
                    0,
                    0,
                    0,
                    0,
                    0,
                    0,
                    1,
                    0,
                    0,
                    0,
                    0,
                    0,
                    0,
                    0,
                    0,
                    0,
                    0,
                    0,
                    0,
                    0,
                    0,
                    0,
                    0,
                    0,
                    0,
                    0,
                    0,
                    0,
                    1,
                    0,
                    0,
                    0,
                    0,
                    0,
                    0,
                    0,
                    0,
                    0,
                    0,
                    0,
                    0,
                    0,
                    1,
                    0,
                    0,
                    1,
                    0,
                    0,
                    0,
                    0,
                    0,
                    0,
                    0,
                    1,
                    0,
                    0,
                    0,
                    1,
                    0,
                    0,
                    0,
                    1,
                    1,
                    0,
                    0,
                    0,
                    1,
                    0,
                    0,
                    0,
                    0,
                    0,
                    1,
                    0,
                    0,
                    0,
                    0,
                    0,
                    0,
                    0,
                    0,
                    0,
                    0,
                    0,
                    0,
                    0,
                    0,
                    0,
                    0,
                    0,
                    0,
                    0,
                    0,
                    0,
                    0,
                    1,
                    0,
                    1,
                    0,
                    0,
                    0
                ],
                "maccs_fp": [
                    0,
                    0,
                    0,
                    0,
                    0,
                    0,
                    0,
                    0,
                    0,
                    0,
                    0,
                    0,
                    0,
                    0,
                    0,
                    0,
                    0,
                    0,
                    0,
                    0,
                    1,
                    0,
                    0,
                    0,
                    0,
                    0,
                    0,
                    0,
                    0,
                    0,
                    1,
                    0,
                    0,
                    0,
                    0,
                    0,
                    0,
                    0,
                    0,
                    0,
                    0,
                    0,
                    0,
                    0,
                    0,
                    0,
                    0,
                    0,
                    0,
                    0,
                    0,
                    0,
                    0,
                    0,
                    0,
                    0,
                    0,
                    0,
                    0,
                    0,
                    0,
                    0,
                    0,
                    0,
                    0,
                    0,
                    0,
                    0,
                    0,
                    0,
                    0,
                    0,
                    0,
                    0,
                    1,
                    0,
                    0,
                    0,
                    0,
                    0,
                    0,
                    0,
                    0,
                    0,
                    0,
                    0,
                    1,
                    0,
                    0,
                    1,
                    0,
                    0,
                    0,
                    1,
                    0,
                    0,
                    0,
                    0,
                    0,
                    0,
                    0,
                    0,
                    1,
                    0,
                    0,
                    0,
                    0,
                    0,
                    1,
                    0,
                    0,
                    0,
                    1,
                    0,
                    0,
                    1,
                    1,
                    0,
                    1,
                    0,
                    0,
                    0,
                    0,
                    0,
                    1,
                    0,
                    1,
                    0,
                    0,
                    0,
                    1,
                    0,
                    1,
                    0,
                    0,
                    0,
                    0,
                    0,
                    1,
                    0,
                    1,
                    1,
                    0,
                    0,
                    0,
                    0,
                    1,
                    1,
                    1,
                    1,
                    0,
                    0,
                    0,
                    1,
                    0,
                    1,
                    0,
                    0,
                    0,
                    1,
                    1,
                    0,
                    0,
                    0,
                    1,
                    0,
                    0
                ]
            }
        }
    ],
    "test_operating_temperature_celsius": 22.5,
    "min_pH_when_testing": -1.0,
    "max_pH_when_testing": -1.0,
    "test_medium_electrolyte": [
        {
            "substance_name": "oxygen",
            "substance_type": "small molecule",
            "substance_descriptors": {
                "CID": 977,
                "MolecularFormula": "O2",
                "MolecularWeight": "31.999",
                "CanonicalSMILES": "O=O",
                "IsomericSMILES": "O=O",
                "InChI": "InChI=1S/O2/c1-2",
                "InChIKey": "MYMOFIZGZYHOMD-UHFFFAOYSA-N",
                "IUPACName": "molecular oxygen",
                "XLogP": -1.1,
                "ExactMass": "31.989829239",
                "MonoisotopicMass": "31.989829239",
                "TPSA": 34.1,
                "Complexity": 0,
                "Charge": 0,
                "HBondDonorCount": 0,
                "HBondAcceptorCount": 2,
                "RotatableBondCount": 0,
                "HeavyAtomCount": 2,
                "IsotopeAtomCount": 0,
                "AtomStereoCount": 0,
                "DefinedAtomStereoCount": 0,
                "UndefinedAtomStereoCount": 0,
                "BondStereoCount": 0,
                "DefinedBondStereoCount": 0,
                "UndefinedBondStereoCount": 0,
                "CovalentUnitCount": 1,
                "Volume3D": 22.9,
                "XStericQuadrupole3D": 0.87,
                "YStericQuadrupole3D": 0.49,
                "ZStericQuadrupole3D": 0.49,
                "FeatureAcceptorCount3D": 0,
                "FeatureDonorCount3D": 0,
                "FeatureAnionCount3D": 0,
                "FeatureCationCount3D": 0,
                "FeatureRingCount3D": 0,
                "FeatureHydrophobeCount3D": 0,
                "ConformerModelRMSD3D": 0.4,
                "EffectiveRotorCount3D": 0,
                "ConformerCount3D": 1,
                "Morgan_128": [
                    0,
                    0,
                    0,
                    0,
                    0,
                    0,
                    0,
                    0,
                    0,
                    0,
                    1,
                    0,
                    0,
                    0,
                    0,
                    0,
                    1,
                    0,
                    0,
                    0,
                    0,
                    0,
                    0,
                    0,
                    0,
                    0,
                    0,
                    0,
                    0,
                    0,
                    0,
                    0,
                    0,
                    0,
                    0,
                    0,
                    0,
                    0,
                    0,
                    0,
                    0,
                    0,
                    0,
                    0,
                    0,
                    0,
                    0,
                    0,
                    0,
                    0,
                    0,
                    0,
                    0,
                    0,
                    0,
                    0,
                    0,
                    0,
                    0,
                    0,
                    0,
                    0,
                    0,
                    0,
                    0,
                    0,
                    0,
                    0,
                    0,
                    0,
                    0,
                    0,
                    0,
                    0,
                    0,
                    0,
                    0,
                    0,
                    0,
                    0,
                    0,
                    0,
                    0,
                    0,
                    0,
                    0,
                    0,
                    0,
                    0,
                    0,
                    0,
                    0,
                    0,
                    0,
                    0,
                    0,
                    0,
                    0,
                    0,
                    0,
                    0,
                    0,
                    0,
                    0,
                    0,
                    0,
                    0,
                    0,
                    0,
                    0,
                    0,
                    0,
                    0,
                    0,
                    0,
                    0,
                    0,
                    0,
                    0,
                    0,
                    0,
                    0,
                    0,
                    0,
                    0,
                    0,
                    0,
                    0
                ]
            }
        },
        {
            "substance_name": "argon",
            "substance_type": "small molecule",
            "substance_descriptors": {
                "CID": 23968,
                "MolecularFormula": "Ar",
                "MolecularWeight": "39.9",
                "CanonicalSMILES": "[Ar]",
                "IsomericSMILES": "[Ar]",
                "InChI": "InChI=1S/Ar",
                "InChIKey": "XKRFYHLGVUSROY-UHFFFAOYSA-N",
                "IUPACName": "argon",
                "ExactMass": "39.96238312",
                "MonoisotopicMass": "39.96238312",
                "TPSA": 0,
                "Complexity": 0,
                "Charge": 0,
                "HBondDonorCount": 0,
                "HBondAcceptorCount": 0,
                "RotatableBondCount": 0,
                "HeavyAtomCount": 1,
                "IsotopeAtomCount": 0,
                "AtomStereoCount": 0,
                "DefinedAtomStereoCount": 0,
                "UndefinedAtomStereoCount": 0,
                "BondStereoCount": 0,
                "DefinedBondStereoCount": 0,
                "UndefinedBondStereoCount": 0,
                "CovalentUnitCount": 1,
                "ConformerCount3D": 0,
                "Morgan_128": [
                    0,
                    0,
                    0,
                    0,
                    0,
                    0,
                    0,
                    0,
                    0,
                    0,
                    0,
                    0,
                    0,
                    0,
                    0,
                    0,
                    0,
                    0,
                    0,
                    0,
                    0,
                    0,
                    0,
                    0,
                    0,
                    0,
                    0,
                    0,
                    0,
                    0,
                    0,
                    0,
                    0,
                    0,
                    0,
                    0,
                    0,
                    0,
                    0,
                    0,
                    0,
                    1,
                    0,
                    0,
                    0,
                    0,
                    0,
                    0,
                    0,
                    0,
                    0,
                    0,
                    0,
                    0,
                    0,
                    0,
                    0,
                    0,
                    0,
                    0,
                    0,
                    0,
                    0,
                    0,
                    0,
                    0,
                    0,
                    0,
                    0,
                    0,
                    0,
                    0,
                    0,
                    0,
                    0,
                    0,
                    0,
                    0,
                    0,
                    0,
                    0,
                    0,
                    0,
                    0,
                    0,
                    0,
                    0,
                    0,
                    0,
                    0,
                    0,
                    0,
                    0,
                    0,
                    0,
                    0,
                    0,
                    0,
                    0,
                    0,
                    0,
                    0,
                    0,
                    0,
                    0,
                    0,
                    0,
                    0,
                    0,
                    0,
                    0,
                    0,
                    0,
                    0,
                    0,
                    0,
                    0,
                    0,
                    0,
                    0,
                    0,
                    0,
                    0,
                    0,
                    0,
                    0,
                    0,
                    0
                ]
            }
        }
    ],
    "LDL_ranking": 1.0,
    "UDL_ranking": 1.0,
    "LDL_category": "Very High Detection (Low Sensitivity)",
    "UDL_category": "Moderate UDL Range"
}