{
    "DOI": "10.1002/adfm.201700018",
    "sensor_type": "gas",
    "detect_target": [
        {
            "substance_name": "ammonia",
            "substance_type": "small molecule",
            "substance_descriptors": {
                "CID": 222,
                "MolecularFormula": "H3N",
                "MolecularWeight": "17.031",
                "CanonicalSMILES": "N",
                "IsomericSMILES": "N",
                "InChI": "InChI=1S/H3N/h1H3",
                "InChIKey": "QGZKDVFQNNGYKY-UHFFFAOYSA-N",
                "IUPACName": "azane",
                "XLogP": -0.7,
                "ExactMass": "17.026549100",
                "MonoisotopicMass": "17.026549100",
                "TPSA": 1,
                "Complexity": 0,
                "Charge": 0,
                "HBondDonorCount": 1,
                "HBondAcceptorCount": 1,
                "RotatableBondCount": 0,
                "HeavyAtomCount": 1,
                "IsotopeAtomCount": 0,
                "AtomStereoCount": 0,
                "DefinedAtomStereoCount": 0,
                "UndefinedAtomStereoCount": 0,
                "BondStereoCount": 0,
                "DefinedBondStereoCount": 0,
                "UndefinedBondStereoCount": 0,
                "CovalentUnitCount": 1,
                "Volume3D": 15.6,
                "XStericQuadrupole3D": 0.51,
                "YStericQuadrupole3D": 0.51,
                "ZStericQuadrupole3D": 0.51,
                "FeatureAcceptorCount3D": 0,
                "FeatureDonorCount3D": 0,
                "FeatureAnionCount3D": 0,
                "FeatureCationCount3D": 1,
                "FeatureRingCount3D": 0,
                "FeatureHydrophobeCount3D": 0,
                "ConformerModelRMSD3D": 0.4,
                "EffectiveRotorCount3D": 0,
                "ConformerCount3D": 1,
                "Morgan_128": [
                    0,
                    0,
                    0,
                    0,
                    0,
                    0,
                    0,
                    0,
                    0,
                    0,
                    0,
                    0,
                    0,
                    0,
                    0,
                    0,
                    0,
                    0,
                    0,
                    0,
                    0,
                    0,
                    0,
                    0,
                    0,
                    0,
                    0,
                    0,
                    0,
                    0,
                    0,
                    0,
                    0,
                    0,
                    1,
                    0,
                    0,
                    0,
                    0,
                    0,
                    0,
                    0,
                    0,
                    0,
                    0,
                    0,
                    0,
                    0,
                    0,
                    0,
                    0,
                    0,
                    0,
                    0,
                    0,
                    0,
                    0,
                    0,
                    0,
                    0,
                    0,
                    0,
                    0,
                    0,
                    0,
                    0,
                    0,
                    0,
                    0,
                    0,
                    0,
                    0,
                    0,
                    0,
                    0,
                    0,
                    0,
                    0,
                    0,
                    0,
                    0,
                    0,
                    0,
                    0,
                    0,
                    0,
                    0,
                    0,
                    0,
                    0,
                    0,
                    0,
                    0,
                    0,
                    0,
                    0,
                    0,
                    0,
                    0,
                    0,
                    0,
                    0,
                    0,
                    0,
                    0,
                    0,
                    0,
                    0,
                    0,
                    0,
                    0,
                    0,
                    0,
                    0,
                    0,
                    0,
                    0,
                    0,
                    0,
                    0,
                    0,
                    0,
                    0,
                    0,
                    0,
                    0,
                    0,
                    0
                ]
            }
        }
    ],
    "lower_detection_limit_log_ppm": -2.0,
    "upper_detection_limit_log_ppm": 1.0,
    "probe_material": [
        {
            "substance_name": "dinaphtho[2,3-b:2',3'-f]thieno[3,2-b]thiophene",
            "substance_type": "small molecule",
            "substance_descriptors": {
                "CID": 51050187,
                "MolecularFormula": "C22H12S2",
                "MolecularWeight": "340.5",
                "CanonicalSMILES": "C1=CC=C2C=C3C(=CC2=C1)C4=C(S3)C5=CC6=CC=CC=C6C=C5S4",
                "IsomericSMILES": "C1=CC=C2C=C3C(=CC2=C1)C4=C(S3)C5=CC6=CC=CC=C6C=C5S4",
                "InChI": "InChI=1S/C22H12S2/c1-3-7-15-11-19-17(9-13(15)5-1)21-22(23-19)18-10-14-6-2-4-8-16(14)12-20(18)24-21/h1-12H",
                "InChIKey": "CZWHMRTTWFJMBC-UHFFFAOYSA-N",
                "IUPACName": "12,24-dithiahexacyclo[11.11.0.02,11.04,9.014,23.016,21]tetracosa-1(13),2,4,6,8,10,14,16,18,20,22-undecaene",
                "XLogP": 7.3,
                "ExactMass": "340.03804273",
                "MonoisotopicMass": "340.03804273",
                "TPSA": 56.5,
                "Complexity": 446,
                "Charge": 0,
                "HBondDonorCount": 0,
                "HBondAcceptorCount": 2,
                "RotatableBondCount": 0,
                "HeavyAtomCount": 24,
                "IsotopeAtomCount": 0,
                "AtomStereoCount": 0,
                "DefinedAtomStereoCount": 0,
                "UndefinedAtomStereoCount": 0,
                "BondStereoCount": 0,
                "DefinedBondStereoCount": 0,
                "UndefinedBondStereoCount": 0,
                "CovalentUnitCount": 1,
                "Volume3D": 262.2,
                "XStericQuadrupole3D": 18.46,
                "YStericQuadrupole3D": 1.96,
                "ZStericQuadrupole3D": 0.62,
                "FeatureAcceptorCount3D": 0,
                "FeatureDonorCount3D": 0,
                "FeatureAnionCount3D": 0,
                "FeatureCationCount3D": 0,
                "FeatureRingCount3D": 6,
                "FeatureHydrophobeCount3D": 0,
                "ConformerModelRMSD3D": 0.6,
                "EffectiveRotorCount3D": 0,
                "ConformerCount3D": 1,
                "Morgan_128": [
                    0,
                    0,
                    0,
                    1,
                    0,
                    0,
                    0,
                    0,
                    0,
                    1,
                    0,
                    0,
                    0,
                    0,
                    0,
                    0,
                    0,
                    0,
                    1,
                    0,
                    0,
                    0,
                    0,
                    0,
                    0,
                    0,
                    1,
                    0,
                    0,
                    0,
                    0,
                    0,
                    0,
                    0,
                    1,
                    1,
                    0,
                    0,
                    0,
                    0,
                    0,
                    0,
                    0,
                    0,
                    0,
                    0,
                    0,
                    1,
                    0,
                    0,
                    0,
                    0,
                    0,
                    0,
                    0,
                    0,
                    0,
                    0,
                    0,
                    0,
                    0,
                    0,
                    0,
                    1,
                    1,
                    0,
                    1,
                    0,
                    0,
                    0,
                    0,
                    0,
                    0,
                    0,
                    0,
                    0,
                    0,
                    1,
                    0,
                    0,
                    0,
                    1,
                    1,
                    0,
                    0,
                    1,
                    1,
                    0,
                    0,
                    0,
                    0,
                    0,
                    0,
                    0,
                    0,
                    0,
                    0,
                    0,
                    0,
                    0,
                    1,
                    0,
                    0,
                    0,
                    0,
                    0,
                    0,
                    1,
                    0,
                    0,
                    0,
                    0,
                    0,
                    0,
                    0,
                    0,
                    0,
                    1,
                    0,
                    0,
                    0,
                    0,
                    1,
                    0,
                    0,
                    0,
                    0,
                    0
                ]
            }
        }
    ],
    "test_operating_temperature_celsius": 26.25,
    "min_pH_when_testing": -1.0,
    "max_pH_when_testing": -1.0,
    "test_medium_electrolyte": [
        {
            "substance_name": "oxygen",
            "substance_type": "small molecule",
            "substance_descriptors": {
                "CID": 977,
                "MolecularFormula": "O2",
                "MolecularWeight": "31.999",
                "CanonicalSMILES": "O=O",
                "IsomericSMILES": "O=O",
                "InChI": "InChI=1S/O2/c1-2",
                "InChIKey": "MYMOFIZGZYHOMD-UHFFFAOYSA-N",
                "IUPACName": "molecular oxygen",
                "XLogP": -1.1,
                "ExactMass": "31.989829239",
                "MonoisotopicMass": "31.989829239",
                "TPSA": 34.1,
                "Complexity": 0,
                "Charge": 0,
                "HBondDonorCount": 0,
                "HBondAcceptorCount": 2,
                "RotatableBondCount": 0,
                "HeavyAtomCount": 2,
                "IsotopeAtomCount": 0,
                "AtomStereoCount": 0,
                "DefinedAtomStereoCount": 0,
                "UndefinedAtomStereoCount": 0,
                "BondStereoCount": 0,
                "DefinedBondStereoCount": 0,
                "UndefinedBondStereoCount": 0,
                "CovalentUnitCount": 1,
                "Volume3D": 22.9,
                "XStericQuadrupole3D": 0.87,
                "YStericQuadrupole3D": 0.49,
                "ZStericQuadrupole3D": 0.49,
                "FeatureAcceptorCount3D": 0,
                "FeatureDonorCount3D": 0,
                "FeatureAnionCount3D": 0,
                "FeatureCationCount3D": 0,
                "FeatureRingCount3D": 0,
                "FeatureHydrophobeCount3D": 0,
                "ConformerModelRMSD3D": 0.4,
                "EffectiveRotorCount3D": 0,
                "ConformerCount3D": 1,
                "Morgan_128": [
                    0,
                    0,
                    0,
                    0,
                    0,
                    0,
                    0,
                    0,
                    0,
                    0,
                    1,
                    0,
                    0,
                    0,
                    0,
                    0,
                    1,
                    0,
                    0,
                    0,
                    0,
                    0,
                    0,
                    0,
                    0,
                    0,
                    0,
                    0,
                    0,
                    0,
                    0,
                    0,
                    0,
                    0,
                    0,
                    0,
                    0,
                    0,
                    0,
                    0,
                    0,
                    0,
                    0,
                    0,
                    0,
                    0,
                    0,
                    0,
                    0,
                    0,
                    0,
                    0,
                    0,
                    0,
                    0,
                    0,
                    0,
                    0,
                    0,
                    0,
                    0,
                    0,
                    0,
                    0,
                    0,
                    0,
                    0,
                    0,
                    0,
                    0,
                    0,
                    0,
                    0,
                    0,
                    0,
                    0,
                    0,
                    0,
                    0,
                    0,
                    0,
                    0,
                    0,
                    0,
                    0,
                    0,
                    0,
                    0,
                    0,
                    0,
                    0,
                    0,
                    0,
                    0,
                    0,
                    0,
                    0,
                    0,
                    0,
                    0,
                    0,
                    0,
                    0,
                    0,
                    0,
                    0,
                    0,
                    0,
                    0,
                    0,
                    0,
                    0,
                    0,
                    0,
                    0,
                    0,
                    0,
                    0,
                    0,
                    0,
                    0,
                    0,
                    0,
                    0,
                    0,
                    0,
                    0,
                    0
                ]
            }
        },
        {
            "substance_name": "argon",
            "substance_type": "small molecule",
            "substance_descriptors": {
                "CID": 23968,
                "MolecularFormula": "Ar",
                "MolecularWeight": "39.9",
                "CanonicalSMILES": "[Ar]",
                "IsomericSMILES": "[Ar]",
                "InChI": "InChI=1S/Ar",
                "InChIKey": "XKRFYHLGVUSROY-UHFFFAOYSA-N",
                "IUPACName": "argon",
                "ExactMass": "39.96238312",
                "MonoisotopicMass": "39.96238312",
                "TPSA": 0,
                "Complexity": 0,
                "Charge": 0,
                "HBondDonorCount": 0,
                "HBondAcceptorCount": 0,
                "RotatableBondCount": 0,
                "HeavyAtomCount": 1,
                "IsotopeAtomCount": 0,
                "AtomStereoCount": 0,
                "DefinedAtomStereoCount": 0,
                "UndefinedAtomStereoCount": 0,
                "BondStereoCount": 0,
                "DefinedBondStereoCount": 0,
                "UndefinedBondStereoCount": 0,
                "CovalentUnitCount": 1,
                "ConformerCount3D": 0,
                "Morgan_128": [
                    0,
                    0,
                    0,
                    0,
                    0,
                    0,
                    0,
                    0,
                    0,
                    0,
                    0,
                    0,
                    0,
                    0,
                    0,
                    0,
                    0,
                    0,
                    0,
                    0,
                    0,
                    0,
                    0,
                    0,
                    0,
                    0,
                    0,
                    0,
                    0,
                    0,
                    0,
                    0,
                    0,
                    0,
                    0,
                    0,
                    0,
                    0,
                    0,
                    0,
                    0,
                    1,
                    0,
                    0,
                    0,
                    0,
                    0,
                    0,
                    0,
                    0,
                    0,
                    0,
                    0,
                    0,
                    0,
                    0,
                    0,
                    0,
                    0,
                    0,
                    0,
                    0,
                    0,
                    0,
                    0,
                    0,
                    0,
                    0,
                    0,
                    0,
                    0,
                    0,
                    0,
                    0,
                    0,
                    0,
                    0,
                    0,
                    0,
                    0,
                    0,
                    0,
                    0,
                    0,
                    0,
                    0,
                    0,
                    0,
                    0,
                    0,
                    0,
                    0,
                    0,
                    0,
                    0,
                    0,
                    0,
                    0,
                    0,
                    0,
                    0,
                    0,
                    0,
                    0,
                    0,
                    0,
                    0,
                    0,
                    0,
                    0,
                    0,
                    0,
                    0,
                    0,
                    0,
                    0,
                    0,
                    0,
                    0,
                    0,
                    0,
                    0,
                    0,
                    0,
                    0,
                    0,
                    0,
                    0
                ]
            }
        }
    ],
    "LDL_ranking": 1.0,
    "UDL_ranking": 1.0,
    "LDL_category": "Moderate Detection",
    "UDL_category": "Moderate UDL Range"
}